/*
SQLyog Community Edition- MySQL GUI v8.17 
MySQL - 5.5.5-10.1.36-MariaDB : Database - dbsrinternasional_v2
*********************************************************************
*/

/*!40101 SET NAMES utf8 */;

/*!40101 SET SQL_MODE=''*/;

/*!40014 SET @OLD_UNIQUE_CHECKS=@@UNIQUE_CHECKS, UNIQUE_CHECKS=0 */;
/*!40014 SET @OLD_FOREIGN_KEY_CHECKS=@@FOREIGN_KEY_CHECKS, FOREIGN_KEY_CHECKS=0 */;
/*!40101 SET @OLD_SQL_MODE=@@SQL_MODE, SQL_MODE='NO_AUTO_VALUE_ON_ZERO' */;
/*!40111 SET @OLD_SQL_NOTES=@@SQL_NOTES, SQL_NOTES=0 */;
CREATE DATABASE /*!32312 IF NOT EXISTS*/`dbsrinternasional_v2` /*!40100 DEFAULT CHARACTER SET latin1 */;

USE `dbsrinternasional_v2`;

/*Table structure for table `catalog` */

DROP TABLE IF EXISTS `catalog`;

CREATE TABLE `catalog` (
  `ID` int(11) NOT NULL AUTO_INCREMENT,
  `Name` varchar(100) DEFAULT NULL,
  `Description` text,
  `Notes` text,
  `Photo` longblob,
  `CreatedBy` varchar(20) DEFAULT NULL,
  `CreatedDate` datetime DEFAULT NULL,
  `ModifiedBy` varchar(20) DEFAULT NULL,
  `ModifiedDate` datetime DEFAULT NULL,
  `Unit` varchar(10) DEFAULT NULL,
  `type` varchar(20) DEFAULT NULL,
  PRIMARY KEY (`ID`)
) ENGINE=InnoDB AUTO_INCREMENT=55 DEFAULT CHARSET=latin1;

/*Data for the table `catalog` */

insert  into `catalog`(`ID`,`Name`,`Description`,`Notes`,`Photo`,`CreatedBy`,`CreatedDate`,`ModifiedBy`,`ModifiedDate`,`Unit`,`type`) values (5,'BONLESS DADA',NULL,NULL,NULL,'yani','2018-11-18 13:03:12','yani','2020-05-05 15:11:49','Kg','Item'),(6,'BONLESS PAHA',NULL,NULL,NULL,'yani','2018-11-18 13:03:41','yani','2020-05-05 15:12:01','Kg','Item'),(8,'MDM',NULL,NULL,NULL,'ikoh','2019-01-08 11:28:14','yani','2020-05-05 15:14:04','Kg','Item'),(9,'TRIMING DADA',NULL,NULL,NULL,'ikoh','2019-01-08 13:48:42','yani','2020-05-05 15:14:32','Kg','Item'),(11,'TRIMING PAHA',NULL,NULL,NULL,'erna','2019-01-08 14:09:59','yani','2020-05-05 15:14:40','Kg','Item'),(12,'TRIMING CAMPUR',NULL,NULL,NULL,'erna','2019-01-08 14:10:15','yani','2020-05-05 15:14:22','Kg','Item'),(25,'BLPK',NULL,NULL,NULL,'erna','2019-01-08 14:13:10',NULL,NULL,'Kg','Item'),(26,'KULIT',NULL,NULL,NULL,'erna','2019-01-08 14:13:38','yani','2020-05-05 15:13:53','Kg','Item'),(33,'FILLET DADA',NULL,NULL,NULL,'erna','2019-01-08 14:15:49','yani','2020-05-05 15:13:40','Kg','Item'),(34,'HATI BERSIH',NULL,NULL,NULL,'erna','2019-01-08 14:16:04','yani','2020-05-05 15:13:47','Kg','Item'),(50,'KARKAS',NULL,NULL,NULL,'yani','2019-01-12 17:09:43',NULL,NULL,'Kg','Item'),(51,'SAYAP',NULL,NULL,NULL,'yani','2020-05-22 09:59:37',NULL,NULL,'Kg','Item'),(52,'CEKER',NULL,NULL,NULL,'yani','2020-06-24 21:41:20',NULL,NULL,'Kg','Item'),(53,'ATI AMPELA',NULL,NULL,NULL,'yani','2020-07-09 21:28:07',NULL,NULL,'Kg','Item'),(54,'FILLET DADA',NULL,NULL,NULL,'yani','2020-08-23 20:41:09',NULL,NULL,'Kg','Product');

/*Table structure for table `catalogstock` */

DROP TABLE IF EXISTS `catalogstock`;

CREATE TABLE `catalogstock` (
  `CatalogID` int(11) DEFAULT NULL,
  `Stock` decimal(18,2) DEFAULT NULL,
  `StockDate` date DEFAULT NULL,
  `CreatedBy` varchar(50) DEFAULT NULL,
  `IsActive` tinyint(1) NOT NULL,
  `colly` decimal(18,2) DEFAULT NULL
) ENGINE=InnoDB DEFAULT CHARSET=latin1;

/*Data for the table `catalogstock` */

/*Table structure for table `customer` */

DROP TABLE IF EXISTS `customer`;

CREATE TABLE `customer` (
  `ID` int(11) NOT NULL AUTO_INCREMENT,
  `FullName` varchar(100) DEFAULT NULL,
  `Address` text,
  `Phone` varchar(50) DEFAULT NULL,
  `CreatedBy` varchar(50) DEFAULT NULL,
  `CreatedDate` datetime DEFAULT NULL,
  `ModifiedBy` varchar(50) DEFAULT NULL,
  `ModifiedDate` datetime DEFAULT NULL,
  `Sales` varchar(100) DEFAULT NULL,
  `PaymentType` varchar(10) DEFAULT NULL,
  PRIMARY KEY (`ID`)
) ENGINE=InnoDB AUTO_INCREMENT=299 DEFAULT CHARSET=latin1;

/*Data for the table `customer` */

insert  into `customer`(`ID`,`FullName`,`Address`,`Phone`,`CreatedBy`,`CreatedDate`,`ModifiedBy`,`ModifiedDate`,`Sales`,`PaymentType`) values (2,'AGUS TJ PRIOK','tanjung priok','111111','erna','2018-12-25 16:22:04','admin','2021-12-08 23:02:34','Teddy Bear','2'),(3,'ABDUL ROBAN','jombang','','erna','2018-12-25 16:24:37','erna','2019-01-04 15:52:39',NULL,NULL),(4,'AYAM GEPUK PAK GEMBUS','srengseng','','erna','2018-12-25 16:25:11','erna','2019-01-04 15:52:09',NULL,NULL),(7,'ARI DEPOK','depok','','erna','2018-12-25 16:27:51','erna','2018-12-25 17:16:06',NULL,NULL),(11,'BAKSO PRIMA','bekasi','','erna','2018-12-25 16:29:31','erna','2019-01-04 15:49:57',NULL,NULL),(12,'BAKSO LM','tangerang','','erna','2018-12-25 16:29:46','erna','2019-01-11 18:40:19',NULL,NULL),(14,'BAGUS BOGOR','bogor','','erna','2018-12-25 16:31:39','erna','2018-12-25 17:15:04',NULL,NULL),(15,'BANG ITUN','jombang','','erna','2018-12-25 16:31:58','erna','2019-01-04 15:50:40',NULL,NULL),(17,'BU YANTI BOGOR','bogor','','erna','2018-12-25 16:32:59','erna','2019-01-04 15:50:48',NULL,NULL),(18,'BU BUNGA','','','erna','2018-12-25 16:33:27','erna','2018-12-25 17:21:14',NULL,NULL),(19,'BU AIWA','jakarta','','erna','2018-12-25 16:33:55','erna','2019-01-04 15:51:53',NULL,NULL),(20,'BU LINDA ARSINDO','cipondoh','','erna','2018-12-25 16:34:32','admin','2021-12-08 23:02:57','Aisya','1'),(21,'BU RUKMINI','tangerang','','erna','2018-12-25 17:21:30','erna','2019-01-04 15:52:54',NULL,NULL),(22,'BU SARIP CINLINCING','cilincing','','erna','2018-12-25 17:21:48',NULL,NULL,NULL,NULL),(23,'BU YANTI SERPONG','serpong','','erna','2018-12-25 17:22:22','admin','2021-12-08 23:03:11','Iko','1'),(24,'BU SRI PAMULANG','pamulang','','erna','2018-12-25 17:22:43','erna','2019-01-04 15:53:15',NULL,NULL),(25,'BU WENING','','081000005','erna','2018-12-25 17:23:03','admin','2021-12-12 21:25:34','Aisya','1'),(26,'BU PINI','','','erna','2018-12-25 17:24:33',NULL,NULL,NULL,NULL),(27,'BU NADI','','','erna','2018-12-25 17:25:11',NULL,NULL,NULL,NULL),(28,'BU TARI','','','erna','2018-12-25 17:29:01',NULL,NULL,NULL,NULL),(30,'CV TUMBIK','','','erna','2018-12-25 17:30:01',NULL,NULL,NULL,NULL),(31,'CV JATILESTARI','','','erna','2018-12-25 17:31:05',NULL,NULL,NULL,NULL),(32,'CAUSA PRIMA','','','erna','2018-12-25 17:31:45','erna','2019-01-11 18:41:39',NULL,NULL),(33,'DONI BALARAJA','','','erna','2018-12-25 17:33:48',NULL,NULL,NULL,NULL),(34,'DWI TUNGGAL','','','erna','2018-12-25 17:34:17',NULL,NULL,NULL,NULL),(35,'FRESHINDO','bogor','','erna','2018-12-25 17:35:06','erna','2019-01-11 18:43:32',NULL,NULL),(36,'H SOLIKHIN','','','erna','2018-12-25 17:35:37',NULL,NULL,NULL,NULL),(38,'HADI CILEGON','cilegon','','erna','2018-12-25 17:36:20',NULL,NULL,NULL,NULL),(39,'HENI GANDUL','','','erna','2018-12-25 17:36:32',NULL,NULL,NULL,NULL),(40,'HENI PARUNG','','','erna','2018-12-25 17:36:40',NULL,NULL,NULL,NULL),(41,'IQBAL','','','erna','2018-12-25 17:37:32',NULL,NULL,NULL,NULL),(42,'IWAN CILEGON','','','erna','2018-12-25 17:37:39',NULL,NULL,NULL,NULL),(43,'KIRANA','','','erna','2018-12-25 17:41:38',NULL,NULL,NULL,NULL),(44,'MITRAWANGI (PAK ANTO)','','','erna','2018-12-25 17:41:56',NULL,NULL,NULL,NULL),(45,'MUKLAS','','','erna','2018-12-25 17:42:31',NULL,NULL,NULL,NULL),(46,'MULTIS','','','erna','2018-12-25 17:42:40','yani','2020-05-05 15:08:48',NULL,NULL),(47,'NANDAR','','','erna','2018-12-25 17:42:46',NULL,NULL,NULL,NULL),(48,'OMAH BOGA','','','erna','2018-12-25 17:43:11',NULL,NULL,NULL,NULL),(49,'ONY CHATERING','','','erna','2018-12-25 17:43:19',NULL,NULL,NULL,NULL),(50,'PT AGRO BOGA UTAMA','','','erna','2018-12-25 17:43:51',NULL,NULL,NULL,NULL),(54,'PT SPAA','TANGERANG','','erna','2018-12-30 19:24:11','yani','2020-05-05 15:08:17',NULL,NULL),(56,'BU LATIFAH','','','erna','2018-12-30 19:28:03',NULL,NULL,NULL,NULL),(57,'PAK DENI','','','erna','2018-12-30 19:28:15',NULL,NULL,NULL,NULL),(58,'BU SLAMET','','','erna','2018-12-30 19:28:28',NULL,NULL,NULL,NULL),(60,'BU LILI','','','erna','2018-12-30 19:29:37',NULL,NULL,NULL,NULL),(61,'PAK ICUK','','','erna','2018-12-30 19:30:08',NULL,NULL,NULL,NULL),(62,'PAK ABDUL ROBAN','','','erna','2018-12-30 19:30:49',NULL,NULL,NULL,NULL),(63,'TUDE','','','erna','2018-12-30 19:31:18',NULL,NULL,NULL,NULL),(64,'PAK IMAL','','','erna','2018-12-30 19:31:32',NULL,NULL,NULL,NULL),(65,'PAK RONI','','','erna','2018-12-30 19:31:47',NULL,NULL,NULL,NULL),(67,'PAK WAWAN RAWAMANGUN','','','erna','2018-12-30 19:32:39',NULL,NULL,NULL,NULL),(68,'PAK HADI','','','erna','2018-12-30 19:32:54',NULL,NULL,NULL,NULL),(69,'PAK RATNO CENGKARENG','','','erna','2018-12-30 19:35:52',NULL,NULL,NULL,NULL),(70,'BU SITA JATIWARINGIN','','','erna','2018-12-30 19:36:38',NULL,NULL,NULL,NULL),(71,'AYAM BAKAR SITI','','','erna','2018-12-31 22:07:15',NULL,NULL,NULL,NULL),(72,'PAK AMRI','','','erna','2018-12-31 22:14:10',NULL,NULL,NULL,NULL),(73,'PAK ARMAN','','','erna','2018-12-31 22:14:21',NULL,NULL,NULL,NULL),(74,'AGUS SAWANGAN','','','erna','2018-12-31 22:14:38',NULL,NULL,NULL,NULL),(75,'BAKSO LILI','','','erna','2018-12-31 22:14:55',NULL,NULL,NULL,NULL),(77,'FROLISIUS','','','erna','2018-12-31 22:17:29',NULL,NULL,NULL,NULL),(78,'PAK UCOK','','','erna','2018-12-31 22:18:46',NULL,NULL,NULL,NULL),(79,'SFN','','','erna','2018-12-31 22:19:22',NULL,NULL,NULL,NULL),(80,'STANLEY','','','erna','2018-12-31 22:20:14',NULL,NULL,NULL,NULL),(81,'PAK SLAMET BOLO-BOLO','','','erna','2018-12-31 22:20:52',NULL,NULL,NULL,NULL),(82,'PAK SACHA CAKUNG','','','erna','2018-12-31 22:21:12',NULL,NULL,NULL,NULL),(83,'SUKI-SUKI','','','erna','2018-12-31 22:22:35',NULL,NULL,NULL,NULL),(85,'UFO CHATERING','','','erna','2018-12-31 22:23:33',NULL,NULL,NULL,NULL),(86,'BAKSO WARISAN','','','erna','2018-12-31 22:23:47',NULL,NULL,NULL,NULL),(87,'AJI SARTONO','','','erna','2018-12-31 22:24:07',NULL,NULL,NULL,NULL),(88,'BU MAYA CIKUPA','cikupa','','erna','2018-12-31 22:24:36','erna','2019-01-04 15:54:31',NULL,NULL),(90,'BAKSO MONDELI','','','erna','2018-12-31 22:25:18',NULL,NULL,NULL,NULL),(91,'BAKSO LILY','','','erna','2019-01-04 15:26:27',NULL,NULL,NULL,NULL),(92,'BAKSO YASMIN','','','erna','2019-01-04 15:26:54',NULL,NULL,NULL,NULL),(94,'BU SEPTI','','','erna','2019-01-04 15:28:47',NULL,NULL,NULL,NULL),(95,'CV HALAL SEHAT','','','erna','2019-01-04 15:30:43',NULL,NULL,NULL,NULL),(96,'PAK DAHLAN','','','erna','2019-01-04 15:31:06',NULL,NULL,NULL,NULL),(97,'PAK DAVID','','','erna','2019-01-04 15:31:20',NULL,NULL,NULL,NULL),(98,'PAK DERI','','','erna','2019-01-04 15:31:39',NULL,NULL,NULL,NULL),(99,'DIK DOANK','jurang mangu','','erna','2019-01-04 15:32:08','erna','2019-01-04 15:58:12',NULL,NULL),(100,'PAK EDI PORIS','','','erna','2019-01-04 15:32:43',NULL,NULL,NULL,NULL),(101,'PAK EKA SUMANTRI BOGOR','bogor','','erna','2019-01-04 15:33:07','erna','2019-01-04 15:59:29',NULL,NULL),(102,'PAK GIO GRAHA RAYA','graha raya','','erna','2019-01-04 15:34:24','erna','2019-01-04 15:58:38',NULL,NULL),(103,'BU UGI','','','erna','2019-01-04 15:34:57',NULL,NULL,NULL,NULL),(104,'PT ADI CIPTA IMPERIAL','Tangerang','','erna','2019-01-04 15:35:55',NULL,NULL,NULL,NULL),(106,'LONA','','','erna','2019-01-04 15:37:15',NULL,NULL,NULL,NULL),(107,'BU MAYA TANJUNG DUREN','','','erna','2019-01-04 15:37:55',NULL,NULL,NULL,NULL),(108,'BU NOVI','','0856303934','erna','2019-01-04 15:38:27','admin','2021-12-12 20:22:28','Aisya','1'),(109,'PAK ABEL','','','erna','2019-01-04 15:38:42',NULL,NULL,NULL,NULL),(110,'PAK ADE','','','erna','2019-01-04 15:38:52',NULL,NULL,NULL,NULL),(111,'PAK ANJAS','','','erna','2019-01-04 15:39:06',NULL,NULL,NULL,NULL),(112,'PAK OWONG','','','erna','2019-01-04 15:39:33',NULL,NULL,NULL,NULL),(113,'PT ARWINDA','','','erna','2019-01-04 15:40:27',NULL,NULL,NULL,NULL),(114,'PT KHARISMA','','','erna','2019-01-04 15:40:37',NULL,NULL,NULL,NULL),(115,'PT SERENA','','','erna','2019-01-04 15:40:54',NULL,NULL,NULL,NULL),(116,'PAK RONI SETIAWAN','','','erna','2019-01-04 15:41:32',NULL,NULL,NULL,NULL),(122,'SULTAN','','','yani','2019-01-12 17:51:09',NULL,NULL,NULL,NULL),(123,'LATIFAH','',NULL,'erna','2019-01-20 11:38:25',NULL,NULL,NULL,NULL),(124,'Selisih karkas','karkas','','yani','2019-01-20 14:06:47','yani','2019-01-28 13:37:14',NULL,NULL),(125,'Selisih bonles','bonles','','yani','2019-01-20 14:07:11',NULL,NULL,NULL,NULL),(126,'BU AIWA','',NULL,'yani','2019-01-20 14:30:16',NULL,NULL,NULL,NULL),(127,'BUAH BATU','','','yani','2019-01-20 14:37:04','yani','2020-05-05 15:07:11',NULL,NULL),(128,'SAMPLE MAS ABAS','',NULL,'yani','2019-01-20 14:41:21',NULL,NULL,NULL,NULL),(129,'PT CIPTA AROMA','','','yani','2019-01-20 14:43:48','yani','2019-01-31 16:45:50',NULL,NULL),(130,'BAKSO PAK ANTON','',NULL,'yani','2019-01-20 14:48:12',NULL,NULL,NULL,NULL),(131,'DINASTY','','','yani','2019-01-20 14:50:04','yani','2020-05-05 15:06:44',NULL,NULL),(132,'PASADENA BDG','','','yani','2019-01-20 15:00:56','yani','2020-05-05 15:06:26',NULL,NULL),(133,'SINAR BUDI MAYORA & HILEX','',NULL,'yani','2019-01-20 15:09:47',NULL,NULL,NULL,NULL),(134,'DIK DOANK','',NULL,'yani','2019-01-20 15:19:10',NULL,NULL,NULL,NULL),(135,'CV PRIMAJAYA','tangerang',NULL,'yani','2019-01-20 15:31:18',NULL,NULL,NULL,NULL),(136,'PT PETRA','',NULL,'yani','2019-01-20 15:32:54',NULL,NULL,NULL,NULL),(137,'PT PANGANSARI UTAMA','',NULL,'yani','2019-01-20 15:34:44',NULL,NULL,NULL,NULL),(138,'LATIFAH','',NULL,'yani','2019-01-20 15:42:20',NULL,NULL,NULL,NULL),(139,'PAK DENI','',NULL,'yani','2019-01-20 15:43:22',NULL,NULL,NULL,NULL),(141,'CARINGIN BDG','','','yani','2019-01-20 17:31:01','yani','2020-05-05 15:06:11',NULL,NULL),(142,'REKANAN FRESHINDO','',NULL,'yani','2019-01-20 18:16:31',NULL,NULL,NULL,NULL),(143,'BU INDRI TOMANG','',NULL,'yani','2019-01-20 18:25:34',NULL,NULL,NULL,NULL),(144,'CV PRIMAJAYA','',NULL,'yani','2019-01-20 18:26:46',NULL,NULL,NULL,NULL),(145,'PAK POLISI','',NULL,'yani','2019-01-21 16:26:00',NULL,NULL,NULL,NULL),(146,'PAK ADE','',NULL,'yani','2019-01-21 16:40:56',NULL,NULL,NULL,NULL),(147,'PAK SALUDIRO','',NULL,'yani','2019-01-21 16:46:30',NULL,NULL,NULL,NULL),(148,'PT PRIMAWIDODO','','','yani','2019-01-21 16:51:48','yani','2020-05-05 15:05:48',NULL,NULL),(149,'SAMPLE BAPAK','',NULL,'yani','2019-01-21 17:10:15',NULL,NULL,NULL,NULL),(150,'KIBIF','BEKASI',NULL,'yani','2019-01-21 17:27:14',NULL,NULL,NULL,NULL),(151,'SRI MEAT SHOP','',NULL,'yani','2019-01-22 14:17:01',NULL,NULL,NULL,NULL),(152,'PAK ITO','Gudang',NULL,'yani','2019-01-22 14:49:40',NULL,NULL,NULL,NULL),(154,'PAK SAMSUL','',NULL,'yani','2019-01-28 13:27:20',NULL,NULL,NULL,NULL),(155,'BU LISDA','',NULL,'yani','2019-01-31 16:24:41',NULL,NULL,NULL,NULL),(156,'PAK HENDRA','',NULL,'yani','2019-02-04 08:21:49',NULL,NULL,NULL,NULL),(157,'PAK AWAN','tapos',NULL,'yani','2019-02-05 11:38:35',NULL,NULL,NULL,NULL),(158,'JATAH','',NULL,'yani','2019-02-05 11:47:31',NULL,NULL,NULL,NULL),(159,'PAK ILYAS','',NULL,'erna','2019-02-06 09:28:30',NULL,NULL,NULL,NULL),(160,'PT TEAM','',NULL,'yani','2019-02-19 16:48:32',NULL,NULL,NULL,NULL),(161,'PAK YAKUB','',NULL,'yani','2019-02-19 19:36:55',NULL,NULL,NULL,NULL),(162,'FRESHINDO','',NULL,'yani','2019-02-19 19:41:08',NULL,NULL,NULL,NULL),(163,'SAMPLE PAK AYI','',NULL,'yani','2019-02-20 12:42:37',NULL,NULL,NULL,NULL),(164,'PT KARYA ADISHIN','',NULL,'yani','2019-02-20 14:15:28',NULL,NULL,NULL,NULL),(165,'PAK DEPI','up pak ayi',NULL,'yani','2019-02-21 16:13:22',NULL,NULL,NULL,NULL),(166,'AGUS TJ PRIOK','',NULL,'yani','2019-02-22 11:17:59',NULL,NULL,NULL,NULL),(167,'SAMPLE PAK AYI','',NULL,'yani','2019-02-22 11:29:20',NULL,NULL,NULL,NULL),(168,'KOH AYUNG','',NULL,'yani','2019-02-27 22:11:41',NULL,NULL,NULL,NULL),(169,'PAK ACENG','',NULL,'yani','2019-03-01 20:48:58',NULL,NULL,NULL,NULL),(170,'ROSI KULIT CPT','TANGERANG','','yani','2019-03-01 20:52:29','yani','2020-05-05 15:05:24',NULL,NULL),(171,'PT PETRA','',NULL,'yani','2019-03-01 20:53:38',NULL,NULL,NULL,NULL),(172,'PAK AWAN','',NULL,'yani','2019-03-03 20:36:10',NULL,NULL,NULL,NULL),(173,'BANG ITUN','',NULL,'yani','2019-03-06 16:15:38',NULL,NULL,NULL,NULL),(174,'HOTEL IBIS','',NULL,'yani','2019-03-07 15:48:42',NULL,NULL,NULL,NULL),(175,'PAK DAFI','',NULL,'yani','2019-03-07 15:58:02',NULL,NULL,NULL,NULL),(176,'PAK BUDI','',NULL,'yani','2019-03-14 12:00:32',NULL,NULL,NULL,NULL),(177,'BAKSO VICTORIA','',NULL,'yani','2019-03-14 12:04:50',NULL,NULL,NULL,NULL),(178,'PAK MAMAT CS AYI','',NULL,'yani','2019-03-18 15:07:00',NULL,NULL,NULL,NULL),(179,'JENAL (DAFI)','',NULL,'yani','2019-03-18 15:24:56',NULL,NULL,NULL,NULL),(180,'PAK PERI (DAFI)','',NULL,'yani','2019-03-18 15:27:20',NULL,NULL,NULL,NULL),(181,'PT ANUGERAH CITRA BOGA','',NULL,'yani','2019-03-18 15:33:05',NULL,NULL,NULL,NULL),(182,'BU IKA','',NULL,'yani','2019-03-18 15:37:44',NULL,NULL,NULL,NULL),(183,'SAMPLE PAK AYI & MAS ABAS','',NULL,'yani','2019-03-24 17:09:59',NULL,NULL,NULL,NULL),(184,'PT MADU SARI','','','yani','2019-03-24 17:16:17','yani','2020-05-05 15:04:48',NULL,NULL),(185,'IBU YANI','',NULL,'yani','2019-03-26 13:27:34',NULL,NULL,NULL,NULL),(186,'BAKSO PAK ANTON','',NULL,'yani','2019-03-26 14:04:53',NULL,NULL,NULL,NULL),(187,'DIK DOANK','',NULL,'yani','2019-04-01 15:40:47',NULL,NULL,NULL,NULL),(188,'PT SORIN','',NULL,'yani','2019-04-01 15:46:37',NULL,NULL,NULL,NULL),(189,'PAK DENI DEPOK','',NULL,'yani','2019-04-01 15:53:24',NULL,NULL,NULL,NULL),(190,'PAK DENI','',NULL,'yani','2019-04-01 16:07:35',NULL,NULL,NULL,NULL),(191,'PAK KATIM','',NULL,'yani','2019-04-01 16:17:09',NULL,NULL,NULL,NULL),(192,'PAK AYI','',NULL,'yani','2019-04-04 14:33:17',NULL,NULL,NULL,NULL),(193,'OISHI OI','Karawaci-Tangerang',NULL,'yani','2020-03-24 15:31:28',NULL,NULL,NULL,NULL),(194,'BU ERNA','Kemang - Jakarta Selatan',NULL,'yani','2020-03-24 15:35:45',NULL,NULL,NULL,NULL),(195,'SAMPLE MARKETING SUSI','Marketing',NULL,'yani','2020-03-24 15:38:48',NULL,NULL,NULL,NULL),(196,'PT BOLESCA FOODINDO','Jl. kolonel masturi no.14 cikahuripan kec.lembang Bandung',NULL,'yani','2020-03-24 15:42:28',NULL,NULL,NULL,NULL),(197,'LESTARI CHATERING','Jurang mangu timur',NULL,'yani','2020-03-25 12:10:50',NULL,NULL,NULL,NULL),(198,'TELAGA SAMPIREUN','Bintaro',NULL,'yani','2020-03-25 12:14:57',NULL,NULL,NULL,NULL),(199,'RICKY SERPONG','Serpong-tangerang selatan',NULL,'yani','2020-03-25 12:18:45',NULL,NULL,NULL,NULL),(200,'PAK IPUNG','',NULL,'yani','2020-03-25 12:29:21',NULL,NULL,NULL,NULL),(201,'PAK ISAK','',NULL,'yani','2020-03-25 12:40:19',NULL,NULL,NULL,NULL),(202,'PT PANGANSARI / KIRIM DDFI','Purwakarta',NULL,'yani','2020-03-25 13:12:13',NULL,NULL,NULL,NULL),(203,'MULTI','TANGERANG','','yani','2020-03-26 12:40:19','yani','2020-05-05 15:04:13',NULL,NULL),(204,'PAK AZIZ','',NULL,'yani','2020-03-26 14:22:19',NULL,NULL,NULL,NULL),(205,'PAK AMIR','Bintaro-kebayoran esence',NULL,'yani','2020-03-26 14:27:38',NULL,NULL,NULL,NULL),(206,'PT MADUSARI','',NULL,'yani','2020-03-26 14:39:57',NULL,NULL,NULL,NULL),(207,'PAK UUNG','Rangkas ',NULL,'yani','2020-03-26 22:14:39',NULL,NULL,NULL,NULL),(208,'PAK WARTAM','Cilegon',NULL,'yani','2020-03-26 22:22:21',NULL,NULL,NULL,NULL),(209,'BU RITA','Depok',NULL,'yani','2020-04-02 15:15:14',NULL,NULL,NULL,NULL),(210,'ASTINA FC','',NULL,'yani','2020-04-02 15:29:59',NULL,NULL,NULL,NULL),(211,'PAK ANJAS','',NULL,'yani','2020-04-02 15:35:23',NULL,NULL,NULL,NULL),(212,'PT WEKAYA','',NULL,'yani','2020-04-02 15:39:53',NULL,NULL,NULL,NULL),(213,'CELINE & YAN CHATERING JKT','Jakarta',NULL,'yani','2020-04-02 16:00:38',NULL,NULL,NULL,NULL),(214,'PT MENARA / INBRACO','',NULL,'yani','2020-04-02 16:07:27',NULL,NULL,NULL,NULL),(215,'BU RITA','',NULL,'yani','2020-04-02 16:26:27',NULL,NULL,NULL,NULL),(216,'PAK URIP','',NULL,'yani','2020-04-02 16:28:21',NULL,NULL,NULL,NULL),(217,'PAK NOUFAL','',NULL,'yani','2020-04-05 14:37:16',NULL,NULL,NULL,NULL),(218,'PT WILUYA INTI SANGKARA','',NULL,'yani','2020-04-05 15:00:29',NULL,NULL,NULL,NULL),(219,'STANLEY','',NULL,'yani','2020-04-05 15:03:58',NULL,NULL,NULL,NULL),(220,'BU RUKMINI WRB','Jl.pinang no.17',NULL,'yani','2020-04-09 13:37:43',NULL,NULL,NULL,NULL),(221,'PAK GIO GRAHA RAYA','',NULL,'yani','2020-04-14 19:39:02',NULL,NULL,NULL,NULL),(222,'BU HILDA SORIN','',NULL,'yani','2020-04-17 14:26:18',NULL,NULL,NULL,NULL),(223,'BU IRMA (SUMBANGAN JANDA)','',NULL,'yani','2020-04-17 14:29:40',NULL,NULL,NULL,NULL),(224,'ANUGRAH FOOD','Karawang',NULL,'yani','2020-04-20 10:23:35',NULL,NULL,NULL,NULL),(225,'PAK DARMANTO BAKSO DM','',NULL,'yani','2020-04-21 16:00:18',NULL,NULL,NULL,NULL),(226,'JATAH & BAGIBAGI TETANGGA','',NULL,'yani','2020-04-27 15:28:11',NULL,NULL,NULL,NULL),(227,'INDOWURST','bogor',NULL,'yani','2020-04-30 11:54:24',NULL,NULL,NULL,NULL),(228,'PT SPA','',NULL,'yani','2020-05-05 16:18:17',NULL,NULL,NULL,NULL),(229,'DARMANTO BAKSO DM','',NULL,'yani','2020-05-08 08:26:15',NULL,NULL,NULL,NULL),(230,'DINASTY','',NULL,'yani','2020-05-12 11:54:43',NULL,NULL,NULL,NULL),(231,'PAK IWAN','',NULL,'yani','2020-05-13 09:06:26',NULL,NULL,NULL,NULL),(232,'DIMSUM SULTAN','CINERE DEPOK',NULL,'yani','2020-05-14 10:03:45',NULL,NULL,NULL,NULL),(233,'PAK TAUFIK DISHUB','',NULL,'yani','2020-05-17 13:13:22',NULL,NULL,NULL,NULL),(234,'PAK UUNG','',NULL,'yani','2020-05-29 12:41:01',NULL,NULL,NULL,NULL),(235,'CELINE & YAN CHATERING BOGOR','BOGOR',NULL,'yani','2020-05-31 18:51:17',NULL,NULL,NULL,NULL),(236,'BU AIWA','',NULL,'yani','2020-06-02 17:00:20',NULL,NULL,NULL,NULL),(237,'PAK SYARIPUDIN','Bogor',NULL,'yani','2020-06-02 17:07:53',NULL,NULL,NULL,NULL),(238,'MONIC CHATERING','',NULL,'yani','2020-06-03 13:35:52',NULL,NULL,NULL,NULL),(239,'PT UNIQUE','',NULL,'yani','2020-06-04 15:22:29',NULL,NULL,NULL,NULL),(240,'BELL CHICKEN','',NULL,'yani','2020-06-04 15:24:43',NULL,NULL,NULL,NULL),(241,'PAK RANGGA','',NULL,'yani','2020-06-05 15:53:13',NULL,NULL,NULL,NULL),(242,'NASTITI','',NULL,'yani','2020-06-07 12:40:22',NULL,NULL,NULL,NULL),(243,'PAK SYARIPUDIN','',NULL,'yani','2020-06-09 11:23:25',NULL,NULL,NULL,NULL),(244,'PAK HUSNI','',NULL,'yani','2020-06-11 14:57:12',NULL,NULL,NULL,NULL),(245,'PT BULAF','',NULL,'yani','2020-06-14 13:45:40',NULL,NULL,NULL,NULL),(246,'PAK MUAN','',NULL,'yani','2020-06-14 13:46:52',NULL,NULL,NULL,NULL),(247,'PT ANUGRAH ABADI','',NULL,'yani','2020-06-14 13:58:39',NULL,NULL,NULL,NULL),(248,'PAK GIO GRAHA RAYA','',NULL,'yani','2020-06-15 09:50:41',NULL,NULL,NULL,NULL),(249,'PAK HENDI','',NULL,'yani','2020-06-15 09:56:29',NULL,NULL,NULL,NULL),(250,'PAK NANDI','',NULL,'yani','2020-06-19 09:12:40',NULL,NULL,NULL,NULL),(251,'BU IRMA (SUMBANGAN JANDA)','',NULL,'yani','2020-06-22 12:41:57',NULL,NULL,NULL,NULL),(252,'CITRA KADIYA','',NULL,'yani','2020-06-22 12:43:14',NULL,NULL,NULL,NULL),(253,'PAK SUTOPO','',NULL,'yani','2020-06-22 13:09:47',NULL,NULL,NULL,NULL),(254,'MAS ABAS','',NULL,'yani','2020-06-24 11:39:00',NULL,NULL,NULL,NULL),(255,'PT PORTO FOOD','',NULL,'yani','2020-06-24 11:40:29',NULL,NULL,NULL,NULL),(256,'BU YULI KRAMAT JATI','',NULL,'yani','2020-06-24 11:43:13',NULL,NULL,NULL,NULL),(257,'BU LIONY','',NULL,'yani','2020-06-24 12:44:59',NULL,NULL,NULL,NULL),(258,'BU NING','',NULL,'yani','2020-06-24 12:46:14',NULL,NULL,NULL,NULL),(259,'BU YULI MATRAMAN','',NULL,'yani','2020-06-25 10:34:18',NULL,NULL,NULL,NULL),(260,'BU YULI KEBAYORAN LAMA','',NULL,'yani','2020-06-25 10:37:33',NULL,NULL,NULL,NULL),(261,'BANG ITUN','',NULL,'yani','2020-06-25 10:38:20',NULL,NULL,NULL,NULL),(262,'SINAR PAGI CHATERING','',NULL,'yani','2020-06-30 11:10:55',NULL,NULL,NULL,NULL),(263,'LAZA KENCANA CHATERING','',NULL,'yani','2020-06-30 11:58:46',NULL,NULL,NULL,NULL),(264,'PAK RADIUS','',NULL,'yani','2020-06-30 12:24:53',NULL,NULL,NULL,NULL),(265,'BU AMIR','',NULL,'yani','2020-07-02 13:44:43',NULL,NULL,NULL,NULL),(266,'BU SARIP CINLINCING','',NULL,'yani','2020-07-05 13:35:20',NULL,NULL,NULL,NULL),(267,'PAK RIDWAN','',NULL,'yani','2020-07-05 13:48:06',NULL,NULL,NULL,NULL),(268,'BAKSO SELERA BARU','',NULL,'yani','2020-07-05 13:49:03',NULL,NULL,NULL,NULL),(269,'FROLISIUS','',NULL,'yani','2020-07-08 15:15:57',NULL,NULL,NULL,NULL),(270,'SUMBANGAN','',NULL,'yani','2020-07-08 15:27:44',NULL,NULL,NULL,NULL),(271,'PAK RAMA','',NULL,'yani','2020-07-12 13:04:41',NULL,NULL,NULL,NULL),(272,'SAMPLE RAHMAN','',NULL,'yani','2020-07-12 13:06:00',NULL,NULL,NULL,NULL),(273,'KURNIA CHATERING','',NULL,'yani','2020-07-12 13:16:53',NULL,NULL,NULL,NULL),(274,'PAK ABDUL ROBAN','',NULL,'yani','2020-07-12 13:18:42',NULL,NULL,NULL,NULL),(275,'BUAH BATU','',NULL,'yani','2020-07-14 16:28:34',NULL,NULL,NULL,NULL),(276,'PAK ADI','',NULL,'yani','2020-07-16 12:07:09',NULL,NULL,NULL,NULL),(277,'PT KING FOOD','',NULL,'yani','2020-07-16 12:13:47',NULL,NULL,NULL,NULL),(278,'SAMPLE MAS ABAS','',NULL,'yani','2020-07-16 12:17:35',NULL,NULL,NULL,NULL),(279,'PT ALAM MEKAR JAYA','',NULL,'yani','2020-07-17 20:49:27',NULL,NULL,NULL,NULL),(280,'SACHA CAKUNG','',NULL,'yani','2020-07-19 17:50:04',NULL,NULL,NULL,NULL),(281,'BU TIA','',NULL,'yani','2020-07-19 17:52:39',NULL,NULL,NULL,NULL),(282,'PT MADUSARI','',NULL,'yani','2020-07-22 13:55:32',NULL,NULL,NULL,NULL),(283,'BU YANI','',NULL,'yani','2020-07-24 15:56:13',NULL,NULL,NULL,NULL),(284,'STANLEY','',NULL,'yani','2020-07-24 16:13:25',NULL,NULL,NULL,NULL),(285,'KIRANA','',NULL,'yani','2020-07-27 09:42:32',NULL,NULL,NULL,NULL),(286,'BU TANTI','',NULL,'yani','2020-07-29 18:08:53',NULL,NULL,NULL,NULL),(287,'PT SOEJASCH BALI','',NULL,'yani','2020-07-29 18:12:58',NULL,NULL,NULL,NULL),(288,'H YOYOK','',NULL,'yani','2020-07-30 12:27:11',NULL,NULL,NULL,NULL),(289,'MULTI','',NULL,'yani','2020-07-30 12:28:42',NULL,NULL,NULL,NULL),(290,'PT SPAA','',NULL,'yani','2020-08-05 12:21:07',NULL,NULL,NULL,NULL),(291,'PT SPAA','',NULL,'yani','2020-08-05 12:22:01',NULL,NULL,NULL,NULL),(292,'CELIA','',NULL,'yani','2020-08-05 12:33:43',NULL,NULL,NULL,NULL),(293,'PAK ROBI','',NULL,'yani','2020-08-06 10:59:19',NULL,NULL,NULL,NULL),(294,'PT SORIN','',NULL,'yani','2020-08-09 12:36:24',NULL,NULL,NULL,NULL),(295,'FASYA','',NULL,'yani','2020-08-09 15:26:17',NULL,NULL,NULL,NULL),(296,'BU SARIP CINLINCING','',NULL,'yani','2020-08-12 12:26:35',NULL,NULL,NULL,NULL),(297,'BU RITA','',NULL,'yani','2020-08-13 12:39:58',NULL,NULL,NULL,NULL),(298,'PAK WAKIR','',NULL,'yani','2020-08-13 12:42:21',NULL,NULL,NULL,NULL);

/*Table structure for table `dailygrossprofit` */

DROP TABLE IF EXISTS `dailygrossprofit`;

CREATE TABLE `dailygrossprofit` (
  `TransDate` datetime NOT NULL,
  `CatalogID` int(11) NOT NULL,
  `Quantity` decimal(18,2) DEFAULT NULL,
  `Purchase` decimal(18,2) DEFAULT NULL,
  `Sale` decimal(18,2) DEFAULT NULL,
  `GrossProfit` decimal(18,2) DEFAULT NULL,
  PRIMARY KEY (`TransDate`,`CatalogID`)
) ENGINE=InnoDB DEFAULT CHARSET=latin1;

/*Data for the table `dailygrossprofit` */

/*Table structure for table `hpp` */

DROP TABLE IF EXISTS `hpp`;

CREATE TABLE `hpp` (
  `TransDate` date NOT NULL,
  `TotalHPP` decimal(18,2) DEFAULT NULL,
  `CatalogId` bigint(20) NOT NULL,
  `PrevStock` decimal(18,2) DEFAULT NULL,
  `PrevHPP` decimal(18,2) DEFAULT NULL,
  `TotalQty` decimal(18,2) DEFAULT NULL,
  `TotalPrice` decimal(18,2) DEFAULT NULL,
  PRIMARY KEY (`TransDate`,`CatalogId`)
) ENGINE=InnoDB DEFAULT CHARSET=latin1;

/*Data for the table `hpp` */

/*Table structure for table `log` */

DROP TABLE IF EXISTS `log`;

CREATE TABLE `log` (
  `LogDate` datetime DEFAULT NULL,
  `ComputerName` varchar(100) DEFAULT NULL,
  `IPAddress` varchar(15) DEFAULT NULL,
  `LogType` varchar(50) DEFAULT NULL,
  `LogMessage` text,
  `Username` varchar(100) DEFAULT NULL
) ENGINE=InnoDB DEFAULT CHARSET=latin1;

/*Data for the table `log` */

insert  into `log`(`LogDate`,`ComputerName`,`IPAddress`,`LogType`,`LogMessage`,`Username`) values ('2021-12-16 15:57:35','DESKTOP-5BJROPJ','192.168.0.13','INFROMATION','admin logged in','admin'),('2021-12-16 15:57:38','DESKTOP-5BJROPJ','192.168.0.13','INFROMATION','admin opened Customer form','admin'),('2021-12-16 15:58:42','DESKTOP-5BJROPJ','192.168.0.13','INFROMATION','admin logged in','admin'),('2021-12-16 15:58:45','DESKTOP-5BJROPJ','192.168.0.13','INFROMATION','admin opened Customer form','admin'),('2021-12-16 16:12:34','DESKTOP-5BJROPJ','192.168.0.13','INFROMATION','admin logged in','admin'),('2021-12-16 16:12:38','DESKTOP-5BJROPJ','192.168.0.13','INFROMATION','admin opened Sale form','admin'),('2021-12-16 18:07:34','DESKTOP-5BJROPJ','192.168.0.13','INFROMATION','admin logged in','admin'),('2021-12-16 18:09:09','DESKTOP-5BJROPJ','192.168.0.13','INFROMATION','admin opened Input Stock form','admin'),('2021-12-16 18:15:46','DESKTOP-5BJROPJ','192.168.0.13','INFROMATION','admin opened Sale form','admin'),('2021-12-19 00:43:56','DESKTOP-5BJROPJ','192.168.0.13','INFROMATION','admin logged in','admin'),('2021-12-19 00:44:03','DESKTOP-5BJROPJ','192.168.0.13','INFROMATION','admin opened Previllage form','admin'),('2021-12-19 00:44:17','DESKTOP-5BJROPJ','192.168.0.13','INFROMATION','Logout','admin'),('2021-12-19 00:44:21','DESKTOP-5BJROPJ','192.168.0.13','INFROMATION','admin logged in','admin'),('2021-12-19 00:44:24','DESKTOP-5BJROPJ','192.168.0.13','INFROMATION','admin opened Data Retur form','admin'),('2021-12-19 00:47:58','DESKTOP-5BJROPJ','192.168.0.13','INFROMATION','admin logged in','admin'),('2021-12-19 00:48:03','DESKTOP-5BJROPJ','192.168.0.13','INFROMATION','admin opened Data Retur form','admin'),('2021-12-19 00:53:13','DESKTOP-5BJROPJ','192.168.0.13','INFROMATION','admin logged in','admin'),('2021-12-19 00:53:26','DESKTOP-5BJROPJ','192.168.0.13','INFROMATION','admin opened Data Retur form','admin'),('2021-12-19 00:54:50','DESKTOP-5BJROPJ','192.168.0.13','INFROMATION','admin logged in','admin'),('2021-12-19 00:54:53','DESKTOP-5BJROPJ','192.168.0.13','INFROMATION','admin opened Data Retur form','admin'),('2021-12-19 01:02:50','DESKTOP-5BJROPJ','192.168.0.13','INFROMATION','admin logged in','admin'),('2021-12-19 01:02:54','DESKTOP-5BJROPJ','192.168.0.13','INFROMATION','admin opened Data Retur form','admin'),('2021-12-19 01:03:35','DESKTOP-5BJROPJ','192.168.0.13','INFROMATION','admin opened Sale form','admin'),('2021-12-19 01:06:11','DESKTOP-5BJROPJ','192.168.0.13','ERROR','Input string was not in a correct format.','admin'),('2021-12-19 01:08:03','DESKTOP-5BJROPJ','192.168.0.13','INFROMATION','admin logged in','admin'),('2021-12-19 01:08:15','DESKTOP-5BJROPJ','192.168.0.13','INFROMATION','admin opened Sale form','admin'),('2021-12-19 01:09:12','DESKTOP-5BJROPJ','192.168.0.13','INSERT','Sale-{\"TransactionID\":\"19122021001\",\"TotalPrice\":250000000.0,\"TotalQty\":\"5.000,00(Kg)\",\"TransactionDate\":\"2021-12-19T01:08:15.9922015+07:00\",\"Username\":\"admin\",\"MemberID\":2,\"CustomerName\":null,\"Tax\":0.0,\"Terminal\":\"DESKTOP-5BJROPJ\",\"TotalPayment\":200000000.0,\"TotalPaymentReturn\":-50000000.0,\"Notes\":\"\",\"PaymentType\":2,\"Details\":[{\"ID\":0,\"TransactionID\":\"19122021001\",\"CatalogName\":null,\"CatalogID\":5,\"Price\":50000.00,\"Discount\":0.0,\"Quantity\":5000.00,\"TotalPrice\":250000000.0000,\"Unit\":\"Kg\",\"Sequence\":1,\"Coli\":50.00}],\"ExpiredDate\":null}','admin'),('2021-12-19 01:10:24','DESKTOP-5BJROPJ','192.168.0.13','INFROMATION','admin opened Data Retur form','admin'),('2021-12-19 01:21:23','DESKTOP-5BJROPJ','192.168.0.13','INFROMATION','admin logged in','admin'),('2021-12-19 01:21:26','DESKTOP-5BJROPJ','192.168.0.13','INFROMATION','admin opened Data Retur form','admin'),('2021-12-19 01:21:31','DESKTOP-5BJROPJ','192.168.0.13','INFROMATION','admin opened Sale form','admin'),('2021-12-19 01:21:35','DESKTOP-5BJROPJ','192.168.0.13','INFROMATION','admin opened List of Sale form','admin'),('2021-12-19 01:27:04','DESKTOP-5BJROPJ','192.168.0.13','INFROMATION','admin logged in','admin'),('2021-12-19 01:27:07','DESKTOP-5BJROPJ','192.168.0.13','INFROMATION','admin opened Data Retur form','admin'),('2021-12-19 01:37:53','DESKTOP-5BJROPJ','192.168.0.13','INFROMATION','admin logged in','admin'),('2021-12-19 01:37:58','DESKTOP-5BJROPJ','192.168.0.13','INFROMATION','admin opened Data Retur form','admin'),('2021-12-19 01:41:49','DESKTOP-5BJROPJ','192.168.0.13','INFROMATION','admin logged in','admin'),('2021-12-19 01:42:11','DESKTOP-5BJROPJ','192.168.0.13','INFROMATION','admin opened Data Retur form','admin'),('2021-12-19 01:44:47','DESKTOP-5BJROPJ','192.168.0.13','INFROMATION','admin logged in','admin'),('2021-12-19 01:44:51','DESKTOP-5BJROPJ','192.168.0.13','INFROMATION','admin opened Data Retur form','admin'),('2021-12-19 01:44:57','DESKTOP-5BJROPJ','192.168.0.13','INFROMATION','admin opened Data Retur form','admin'),('2021-12-19 01:46:28','DESKTOP-5BJROPJ','192.168.0.13','ERROR','Could not find specified column in results: Customer','admin'),('2021-12-19 01:53:19','DESKTOP-5BJROPJ','192.168.0.13','INFROMATION','admin logged in','admin'),('2021-12-19 01:53:23','DESKTOP-5BJROPJ','192.168.0.13','INFROMATION','admin opened Data Retur form','admin'),('2021-12-19 01:56:06','DESKTOP-5BJROPJ','192.168.0.13','INFROMATION','admin logged in','admin'),('2021-12-19 01:56:14','DESKTOP-5BJROPJ','192.168.0.13','INFROMATION','admin opened Data Retur form','admin'),('2021-12-19 01:59:52','DESKTOP-5BJROPJ','192.168.0.13','INFROMATION','admin logged in','admin'),('2021-12-19 01:59:54','DESKTOP-5BJROPJ','192.168.0.13','INFROMATION','admin opened Data Retur form','admin'),('2021-12-19 02:01:07','DESKTOP-5BJROPJ','192.168.0.13','INFROMATION','admin logged in','admin'),('2021-12-19 02:01:09','DESKTOP-5BJROPJ','192.168.0.13','INFROMATION','admin opened Data Retur form','admin'),('2021-12-19 19:50:33','DESKTOP-5BJROPJ','192.168.0.13','INFROMATION','admin logged in','admin'),('2021-12-19 19:50:46','DESKTOP-5BJROPJ','192.168.0.13','INFROMATION','admin opened Data Retur form','admin'),('2021-12-19 19:50:58','DESKTOP-5BJROPJ','192.168.0.13','INFROMATION','admin opened Sale form','admin'),('2021-12-19 19:51:04','DESKTOP-5BJROPJ','192.168.0.13','INFROMATION','admin opened List of Sale form','admin'),('2021-12-19 19:52:57','DESKTOP-5BJROPJ','192.168.0.13','INFROMATION','admin logged in','admin'),('2021-12-19 19:53:03','DESKTOP-5BJROPJ','192.168.0.13','INFROMATION','admin opened List of Sale form','admin'),('2021-12-19 20:19:58','DESKTOP-5BJROPJ','192.168.0.13','INFROMATION','admin logged in','admin'),('2021-12-19 20:20:02','DESKTOP-5BJROPJ','192.168.0.13','INFROMATION','admin opened List of Sale form','admin'),('2021-12-19 20:25:46','DESKTOP-5BJROPJ','192.168.0.13','INFROMATION','admin logged in','admin'),('2021-12-19 20:25:49','DESKTOP-5BJROPJ','192.168.0.13','INFROMATION','admin opened List of Sale form','admin'),('2021-12-19 20:26:20','DESKTOP-5BJROPJ','192.168.0.13','INFROMATION','admin opened Stock Detail/Update form','admin'),('2021-12-19 20:26:23','DESKTOP-5BJROPJ','192.168.0.13','INFROMATION','admin opened Stock List Per Supplier form','admin'),('2021-12-19 20:26:27','DESKTOP-5BJROPJ','192.168.0.13','INFROMATION','admin opened List of Sale form','admin'),('2021-12-19 20:29:59','DESKTOP-5BJROPJ','192.168.0.13','INFROMATION','admin logged in','admin'),('2021-12-19 20:39:11','DESKTOP-5BJROPJ','192.168.0.13','INFROMATION','admin opened List of Sale form','admin'),('2021-12-19 20:47:52','DESKTOP-5BJROPJ','192.168.0.13','UPDATE','Penjualan-Penjualan-{\"TransactionID\":\"19122021001\",\"TotalPrice\":250000000.0,\"TotalQty\":\"5.000,00(Kg)\",\"TransactionDate\":\"2021-12-19T01:08:15\",\"Username\":\"admin\",\"MemberID\":2,\"CustomerName\":null,\"Tax\":0.0,\"Terminal\":\"DESKTOP-5BJROPJ\",\"TotalPayment\":200000000.0,\"TotalPaymentReturn\":-50000000.0,\"Notes\":\"notes edit\",\"PaymentType\":2,\"Counter\":0,\"Details\":[{\"ID\":1,\"TransactionID\":\"19122021001\",\"CatalogName\":null,\"CatalogID\":5,\"Price\":50000.00,\"Discount\":0.0,\"Quantity\":5000.00,\"TotalPrice\":250000000.0000,\"Unit\":\"Kg\",\"Sequence\":1,\"Coli\":50.00}],\"ExpiredDate\":\"2021-12-29T20:39:32\"}','admin'),('2021-12-19 21:11:09','DESKTOP-5BJROPJ','192.168.0.13','INFROMATION','admin logged in','admin'),('2021-12-19 21:11:14','DESKTOP-5BJROPJ','192.168.0.13','INFROMATION','admin opened List of Sale form','admin'),('2021-12-19 21:12:11','DESKTOP-5BJROPJ','192.168.0.13','INSERT','Penjualan-{\"TransactionID\":\"19122021002\",\"TotalPrice\":24000000.0,\"TotalQty\":\"400,00(Kg)\",\"TransactionDate\":\"2021-12-19T21:11:18.0167228+07:00\",\"Username\":\"admin\",\"MemberID\":87,\"CustomerName\":null,\"Tax\":0.0,\"Terminal\":\"DESKTOP-5BJROPJ\",\"TotalPayment\":0.0,\"TotalPaymentReturn\":-24000000.0,\"Notes\":\"\",\"PaymentType\":0,\"Counter\":0,\"Details\":[{\"ID\":0,\"TransactionID\":\"19122021002\",\"CatalogName\":null,\"CatalogID\":5,\"Price\":60000.00,\"Discount\":0.0,\"Quantity\":400.00,\"TotalPrice\":24000000.0000,\"Unit\":\"Kg\",\"Sequence\":1,\"Coli\":4.00}],\"ExpiredDate\":null}','admin'),('2021-12-19 21:19:13','DESKTOP-5BJROPJ','192.168.0.13','INFROMATION','admin logged in','admin'),('2021-12-19 21:19:18','DESKTOP-5BJROPJ','192.168.0.13','INFROMATION','admin opened Sale form','admin'),('2021-12-19 21:22:06','DESKTOP-5BJROPJ','192.168.0.13','INFROMATION','admin logged in','admin'),('2021-12-19 21:22:10','DESKTOP-5BJROPJ','192.168.0.13','INFROMATION','admin opened Sale form','admin'),('2021-12-19 21:24:49','DESKTOP-5BJROPJ','192.168.0.13','INFROMATION','admin logged in','admin'),('2021-12-19 21:24:53','DESKTOP-5BJROPJ','192.168.0.13','INFROMATION','admin opened Sale form','admin'),('2021-12-19 21:26:21','DESKTOP-5BJROPJ','192.168.0.13','INFROMATION','admin logged in','admin'),('2021-12-19 21:26:24','DESKTOP-5BJROPJ','192.168.0.13','INFROMATION','admin opened Sale form','admin'),('2021-12-19 21:27:23','DESKTOP-5BJROPJ','192.168.0.13','INSERT','Sale-{\"TransactionID\":\"19122021003\",\"TotalPrice\":224000000.0,\"TotalQty\":\"4.000,00(Kg)\",\"TransactionDate\":\"2021-12-19T21:26:24.7919936+07:00\",\"Username\":\"admin\",\"MemberID\":166,\"CustomerName\":null,\"Tax\":0.0,\"Terminal\":\"DESKTOP-5BJROPJ\",\"TotalPayment\":0.0,\"TotalPaymentReturn\":-224000000.0,\"Notes\":\"\",\"PaymentType\":1,\"Counter\":0,\"Details\":[{\"ID\":0,\"TransactionID\":\"19122021003\",\"CatalogName\":null,\"CatalogID\":6,\"Price\":56000.00,\"Discount\":0.0,\"Quantity\":4000.00,\"TotalPrice\":224000000.0000,\"Unit\":\"Kg\",\"Sequence\":1,\"Coli\":34.00}],\"ExpiredDate\":null}','admin'),('2021-12-19 21:28:20','DESKTOP-5BJROPJ','192.168.0.13','INFROMATION','admin opened List of Sale form','admin'),('2021-12-19 21:29:01','DESKTOP-5BJROPJ','192.168.0.13','INFROMATION','admin opened Stock report','admin'),('2021-12-19 21:33:11','DESKTOP-5BJROPJ','192.168.0.13','INFROMATION','admin logged in','admin'),('2021-12-19 21:33:25','DESKTOP-5BJROPJ','192.168.0.13','INFROMATION','admin opened List of Sale form','admin'),('2021-12-19 21:38:26','DESKTOP-5BJROPJ','192.168.0.13','INFROMATION','admin logged in','admin'),('2021-12-19 21:38:30','DESKTOP-5BJROPJ','192.168.0.13','INFROMATION','admin opened List of Sale form','admin'),('2021-12-19 21:49:20','DESKTOP-5BJROPJ','192.168.0.13','INFROMATION','admin logged in','admin'),('2021-12-19 21:50:36','DESKTOP-5BJROPJ','192.168.0.13','INFROMATION','admin opened List of Sale form','admin'),('2021-12-19 21:53:11','DESKTOP-5BJROPJ','192.168.0.13','INFROMATION','admin logged in','admin'),('2021-12-19 21:53:15','DESKTOP-5BJROPJ','192.168.0.13','INFROMATION','admin opened List of Sale form','admin'),('2021-12-19 21:54:08','DESKTOP-5BJROPJ','192.168.0.13','INSERT','Penjualan-{\"TransactionID\":\"19122021004\",\"TotalPrice\":2520270000.0,\"TotalQty\":\"45.000,00(Kg)\",\"TransactionDate\":\"2021-12-19T21:53:23.9587462+07:00\",\"Username\":\"admin\",\"MemberID\":2,\"CustomerName\":null,\"Tax\":0.0,\"Terminal\":\"DESKTOP-5BJROPJ\",\"TotalPayment\":560000000.0,\"TotalPaymentReturn\":-1960270000.0,\"Notes\":\"\",\"PaymentType\":2,\"Counter\":0,\"Details\":[{\"ID\":0,\"TransactionID\":\"19122021004\",\"CatalogName\":null,\"CatalogID\":6,\"Price\":56006.00,\"Discount\":0.0,\"Quantity\":45000.00,\"TotalPrice\":2520270000.0000,\"Unit\":\"Kg\",\"Sequence\":1,\"Coli\":67.00}],\"ExpiredDate\":null}','admin'),('2021-12-19 22:01:22','DESKTOP-5BJROPJ','192.168.0.13','INFROMATION','admin logged in','admin'),('2021-12-19 22:01:25','DESKTOP-5BJROPJ','192.168.0.13','INFROMATION','admin opened List of Sale form','admin'),('2021-12-20 07:19:00','DESKTOP-5BJROPJ','192.168.0.13','INFROMATION','admin logged in','admin'),('2021-12-20 07:19:06','DESKTOP-5BJROPJ','192.168.0.13','INFROMATION','admin opened List of Sale form','admin'),('2021-12-20 07:19:30','DESKTOP-5BJROPJ','192.168.0.13','UPDATE','Penjualan-Penjualan-{\"TransactionID\":\"19122021004\",\"TotalPrice\":2520270000.0,\"TotalQty\":\"45.000,00(Kg)\",\"TransactionDate\":\"2021-12-19T21:53:23\",\"Username\":\"admin\",\"MemberID\":2,\"CustomerName\":null,\"Tax\":0.0,\"Terminal\":\"DESKTOP-5BJROPJ\",\"TotalPayment\":560000000.0,\"TotalPaymentReturn\":-1960270000.0,\"Notes\":\"\",\"PaymentType\":2,\"Counter\":0,\"Details\":[{\"ID\":5,\"TransactionID\":\"19122021004\",\"CatalogName\":null,\"CatalogID\":6,\"Price\":56006.00,\"Discount\":0.0,\"Quantity\":45000.00,\"TotalPrice\":2520270000.0000,\"Unit\":\"Kg\",\"Sequence\":1,\"Coli\":67.00}],\"ExpiredDate\":null}','admin'),('2021-12-20 07:36:01','DESKTOP-5BJROPJ','192.168.0.13','INFROMATION','admin logged in','admin'),('2021-12-20 07:36:08','DESKTOP-5BJROPJ','192.168.0.13','INFROMATION','admin opened Stock Detail/Update form','admin'),('2021-12-20 07:36:29','DESKTOP-5BJROPJ','192.168.0.13','INFROMATION','admin opened Data Retur form','admin'),('2021-12-20 07:40:52','DESKTOP-5BJROPJ','192.168.0.13','INFROMATION','admin logged in','admin'),('2021-12-20 07:40:56','DESKTOP-5BJROPJ','192.168.0.13','INFROMATION','admin opened Data Retur form','admin'),('2021-12-20 07:41:08','DESKTOP-5BJROPJ','192.168.0.13','ERROR','Could not find specified column in results: NoStruk','admin'),('2021-12-20 07:43:01','DESKTOP-5BJROPJ','192.168.0.13','INFROMATION','admin logged in','admin'),('2021-12-20 07:43:32','DESKTOP-5BJROPJ','192.168.0.13','INFROMATION','admin opened Data Retur form','admin'),('2021-12-20 07:44:39','DESKTOP-5BJROPJ','192.168.0.13','INFROMATION','admin logged in','admin'),('2021-12-20 07:44:42','DESKTOP-5BJROPJ','192.168.0.13','INFROMATION','admin opened Data Retur form','admin'),('2021-12-20 07:45:05','DESKTOP-5BJROPJ','192.168.0.13','ERROR','Table \'dbsrinternasional_v2.unit\' doesn\'t exist','admin'),('2021-12-20 07:48:37','DESKTOP-5BJROPJ','192.168.0.13','INFROMATION','admin logged in','admin'),('2021-12-20 07:48:41','DESKTOP-5BJROPJ','192.168.0.13','INFROMATION','admin opened Data Retur form','admin'),('2021-12-20 07:48:47','DESKTOP-5BJROPJ','192.168.0.13','ERROR','Table \'dbsrinternasional_v2.unit\' doesn\'t exist','admin'),('2021-12-20 07:54:46','DESKTOP-5BJROPJ','192.168.0.13','INFROMATION','admin logged in','admin'),('2021-12-20 07:54:50','DESKTOP-5BJROPJ','192.168.0.13','INFROMATION','admin opened Data Retur form','admin'),('2021-12-20 07:54:54','DESKTOP-5BJROPJ','192.168.0.13','DELETE','Data Retur-{\"Counter\":1,\"TransactionID\":\"19122021001\",\"ReturnNo\":\"20211219014500-1\",\"TotalPrice\":15000000.00,\"TotalQty\":300.00,\"ReturnDate\":\"2021-12-19T01:45:00\",\"Created\":\"2021-12-19T01:46:25\",\"CreatedBy\":\"admin\",\"Customer\":\"2\",\"CustomerName\":\"AGUS TJ PRIOK\",\"Terminal\":\"192.168.0.13\",\"NoStruk\":\"1\",\"Notes\":\"300,00(Kg)\",\"Details\":[]}','admin'),('2021-12-20 07:55:06','DESKTOP-5BJROPJ','192.168.0.13','INFROMATION','admin opened DailySales report','admin'),('2021-12-20 07:55:12','DESKTOP-5BJROPJ','192.168.0.13','INFROMATION','admin opened List of Sale form','admin'),('2021-12-20 07:55:36','DESKTOP-5BJROPJ','192.168.0.13','INFROMATION','admin opened Stock Detail/Update form','admin'),('2021-12-20 07:55:41','DESKTOP-5BJROPJ','192.168.0.13','INFROMATION','admin opened Data Retur form','admin'),('2021-12-20 07:55:54','DESKTOP-5BJROPJ','192.168.0.13','INFROMATION','admin opened Input Stock form','admin'),('2021-12-20 07:58:27','DESKTOP-5BJROPJ','192.168.0.13','INFROMATION','admin opened Stock List Per Supplier form','admin'),('2021-12-20 07:58:30','DESKTOP-5BJROPJ','192.168.0.13','INFROMATION','admin opened Stock Detail/Update form','admin'),('2021-12-20 07:58:32','DESKTOP-5BJROPJ','192.168.0.13','INFROMATION','admin opened Input Stock form','admin'),('2021-12-20 08:03:11','DESKTOP-5BJROPJ','192.168.0.13','INFROMATION','admin opened Input Stock form','admin'),('2021-12-20 08:03:59','DESKTOP-5BJROPJ','192.168.0.13','INFROMATION','admin opened Stock Detail/Update form','admin'),('2021-12-20 08:04:13','DESKTOP-5BJROPJ','192.168.0.13','INFROMATION','admin opened Stock List Per Supplier form','admin'),('2021-12-20 08:04:18','DESKTOP-5BJROPJ','192.168.0.13','INFROMATION','admin opened Input Stock form','admin'),('2021-12-20 08:04:21','DESKTOP-5BJROPJ','192.168.0.13','INSERT','Input Stock-{\"PurchaseNo\":\"20211220075554-1\",\"PurchaseDate\":\"2021-12-20T07:55:54.8783963+07:00\",\"Notes\":\"1.000,00(Kg)\",\"CreatedDate\":\"2021-12-20T08:04:21.9317645+07:00\",\"CreatedBy\":\"admin\",\"SupplierCode\":\"CVELZ20181225174209\",\"TotalQty\":1000.00,\"TotalPrice\":50000000.00,\"Details\":[{\"ID\":0,\"PurchaseNo\":null,\"CatalogID\":5,\"CreatedDate\":\"2021-12-20T08:03:56.2563258+07:00\",\"CreatedBy\":\"admin\",\"Qty\":1000.00,\"PricePerUnit\":50000.0,\"TotalPrice\":50000000.00,\"Unit\":\"Kg\",\"Coli\":400.0,\"UniqueID\":\"d86d9545-e5be-4192-a4ea-1b26dc9a1164\",\"CatalogName\":\"BONLESS DADA\"}]}','admin'),('2021-12-20 08:14:12','DESKTOP-5BJROPJ','192.168.0.13','INFROMATION','admin logged in','admin'),('2021-12-20 08:14:18','DESKTOP-5BJROPJ','192.168.0.13','INFROMATION','admin opened Data Retur form','admin'),('2021-12-20 08:14:48','DESKTOP-5BJROPJ','192.168.0.13','INFROMATION','admin opened Stock List Per Supplier form','admin'),('2021-12-20 08:14:51','DESKTOP-5BJROPJ','192.168.0.13','INFROMATION','admin opened Stock Detail/Update form','admin'),('2021-12-20 08:15:01','DESKTOP-5BJROPJ','192.168.0.13','INFROMATION','admin opened Sale form','admin'),('2021-12-20 08:15:57','DESKTOP-5BJROPJ','192.168.0.13','INSERT','Sale-{\"TransactionID\":\"20122021001\",\"TotalPrice\":31920000.0,\"TotalQty\":\"456,00(Kg)\",\"TransactionDate\":\"2021-12-20T08:15:01.6048283+07:00\",\"Username\":\"admin\",\"MemberID\":2,\"CustomerName\":null,\"Tax\":0.0,\"Terminal\":\"DESKTOP-5BJROPJ\",\"TotalPayment\":30000000.0,\"TotalPaymentReturn\":-1920000.0,\"Notes\":\"\",\"PaymentType\":2,\"Counter\":0,\"Details\":[{\"ID\":0,\"TransactionID\":\"20122021001\",\"CatalogName\":null,\"CatalogID\":5,\"Price\":70000.00,\"Discount\":0.0,\"Quantity\":456.00,\"TotalPrice\":31920000.0000,\"Unit\":\"Kg\",\"Sequence\":1,\"Coli\":34.00}],\"ExpiredDate\":null}','admin'),('2021-12-20 08:16:25','DESKTOP-5BJROPJ','192.168.0.13','INFROMATION','admin opened List of Sale form','admin'),('2021-12-20 08:16:30','DESKTOP-5BJROPJ','192.168.0.13','INFROMATION','admin opened Data Retur form','admin'),('2021-12-20 08:17:10','DESKTOP-5BJROPJ','192.168.0.13','INFROMATION','admin opened Stock Detail/Update form','admin'),('2021-12-20 08:32:16','DESKTOP-5BJROPJ','192.168.0.13','INFROMATION','admin opened Data Retur form','admin'),('2021-12-20 08:32:23','DESKTOP-5BJROPJ','192.168.0.13','INFROMATION','admin opened List of Sale form','admin'),('2021-12-20 08:32:47','DESKTOP-5BJROPJ','192.168.0.13','UPDATE','Penjualan-Penjualan-{\"TransactionID\":\"20122021001\",\"TotalPrice\":42000000.0,\"TotalQty\":\"600,00(Kg)\",\"TransactionDate\":\"2021-12-20T08:15:01\",\"Username\":\"admin\",\"MemberID\":2,\"CustomerName\":null,\"Tax\":0.0,\"Terminal\":\"DESKTOP-5BJROPJ\",\"TotalPayment\":30000000.0,\"TotalPaymentReturn\":-12000000.0,\"Notes\":\"\",\"PaymentType\":2,\"Counter\":0,\"Details\":[{\"ID\":7,\"TransactionID\":\"20122021001\",\"CatalogName\":null,\"CatalogID\":5,\"Price\":70000.00,\"Discount\":0.0,\"Quantity\":600.00,\"TotalPrice\":42000000.0000,\"Unit\":\"Kg\",\"Sequence\":1,\"Coli\":34.00}],\"ExpiredDate\":null}','admin'),('2021-12-20 08:32:58','DESKTOP-5BJROPJ','192.168.0.13','INFROMATION','admin opened Data Retur form','admin'),('2021-12-20 08:33:04','DESKTOP-5BJROPJ','192.168.0.13','INFROMATION','admin opened Stock Detail/Update form','admin'),('2021-12-20 08:33:17','DESKTOP-5BJROPJ','192.168.0.13','INFROMATION','admin opened List of Sale form','admin'),('2021-12-20 08:33:35','DESKTOP-5BJROPJ','192.168.0.13','INFROMATION','admin opened DailySales report','admin'),('2021-12-20 08:34:21','DESKTOP-5BJROPJ','192.168.0.13','INFROMATION','admin opened Piutang report','admin'),('2021-12-20 08:34:24','DESKTOP-5BJROPJ','192.168.0.13','INFROMATION','admin opened DailyCatalogSales report','admin'),('2021-12-20 08:34:39','DESKTOP-5BJROPJ','192.168.0.13','INFROMATION','admin opened DailySales report','admin'),('2021-12-20 08:34:42','DESKTOP-5BJROPJ','192.168.0.13','INFROMATION','admin opened Stock report','admin'),('2021-12-20 08:34:51','DESKTOP-5BJROPJ','192.168.0.13','INFROMATION','admin opened CstmCatalogStock report','admin'),('2021-12-20 08:35:16','DESKTOP-5BJROPJ','192.168.0.13','INFROMATION','admin opened Total Sales per Customer (Monthly) form','admin'),('2021-12-20 08:54:54','DESKTOP-5BJROPJ','192.168.0.13','INFROMATION','admin opened DailySales report','admin'),('2021-12-20 08:55:30','DESKTOP-5BJROPJ','192.168.0.13','INFROMATION','admin opened Data Retur form','admin'),('2021-12-20 08:55:38','DESKTOP-5BJROPJ','192.168.0.13','INFROMATION','admin opened DailySales report','admin'),('2021-12-20 08:57:16','DESKTOP-5BJROPJ','192.168.0.13','INFROMATION','admin logged in','admin'),('2021-12-20 09:01:38','DESKTOP-5BJROPJ','192.168.0.13','INFROMATION','admin opened DailySales report','admin'),('2021-12-20 09:01:46','DESKTOP-5BJROPJ','192.168.0.13','INFROMATION','admin opened DailyCatalogSales report','admin'),('2021-12-20 09:01:51','DESKTOP-5BJROPJ','192.168.0.13','INFROMATION','admin opened DailySales report','admin'),('2021-12-20 09:01:55','DESKTOP-5BJROPJ','192.168.0.13','INFROMATION','admin opened DailyCatalogSales report','admin'),('2021-12-20 09:02:03','DESKTOP-5BJROPJ','192.168.0.13','INFROMATION','admin opened DailySales report','admin'),('2021-12-20 09:02:07','DESKTOP-5BJROPJ','192.168.0.13','INFROMATION','admin opened DailyCatalogSales report','admin'),('2021-12-20 09:06:50','DESKTOP-5BJROPJ','192.168.0.13','INFROMATION','admin logged in','admin'),('2021-12-20 09:06:57','DESKTOP-5BJROPJ','192.168.0.13','INFROMATION','admin opened DailySales report','admin'),('2021-12-20 09:07:15','DESKTOP-5BJROPJ','192.168.0.13','INFROMATION','admin opened DailySales report','admin'),('2021-12-20 09:07:18','DESKTOP-5BJROPJ','192.168.0.13','INFROMATION','admin opened DailyCatalogSales report','admin'),('2021-12-20 09:07:20','DESKTOP-5BJROPJ','192.168.0.13','INFROMATION','admin opened DailySales report','admin'),('2021-12-20 09:07:56','DESKTOP-5BJROPJ','192.168.0.13','INFROMATION','admin opened DailySales report','admin'),('2021-12-20 09:15:42','DESKTOP-5BJROPJ','192.168.0.13','INFROMATION','admin opened DailySales report','admin'),('2021-12-20 19:25:46','DESKTOP-5BJROPJ','192.168.0.13','INFROMATION','admin logged in','admin'),('2021-12-20 19:26:14','DESKTOP-5BJROPJ','192.168.0.13','INFROMATION','admin opened DailySales report','admin'),('2021-12-20 19:26:56','DESKTOP-5BJROPJ','192.168.0.13','INFROMATION','admin opened CstmCatalogStock report','admin'),('2021-12-20 19:27:08','DESKTOP-5BJROPJ','192.168.0.13','INFROMATION','admin opened Stock report','admin'),('2021-12-20 19:28:01','DESKTOP-5BJROPJ','192.168.0.13','INFROMATION','admin opened DailyCatalogSales report','admin'),('2021-12-20 19:28:07','DESKTOP-5BJROPJ','192.168.0.13','INFROMATION','admin opened Stock Detail/Update form','admin'),('2021-12-20 19:41:17','DESKTOP-5BJROPJ','192.168.0.13','INFROMATION','admin logged in','admin'),('2021-12-20 19:41:23','DESKTOP-5BJROPJ','192.168.0.13','INFROMATION','admin opened Stock Detail/Update form','admin'),('2021-12-20 20:19:30','DESKTOP-5BJROPJ','192.168.0.13','INFROMATION','admin opened Stock List Per Supplier form','admin'),('2021-12-20 20:19:59','DESKTOP-5BJROPJ','192.168.0.13','UPDATE','Input Stock-{\"PurchaseNo\":\"20211220075554-1\",\"PurchaseDate\":\"2021-12-20T07:55:54\",\"Notes\":\"1.000,00(Kg)\",\"CreatedDate\":\"2021-12-20T08:04:21\",\"CreatedBy\":\"admin\",\"SupplierCode\":\"CVELZ20181225174209\",\"TotalQty\":1000.00,\"TotalPrice\":50000000.00,\"Details\":[{\"ID\":1,\"PurchaseNo\":\"20211220075554-1\",\"CatalogID\":5,\"CreatedDate\":\"2021-12-20T20:19:55.016892+07:00\",\"CreatedBy\":\"admin\",\"Qty\":1000.00,\"PricePerUnit\":50000.0,\"TotalPrice\":50000000.00,\"Unit\":\"Kg\",\"Coli\":40.0,\"UniqueID\":\"1613c910-da74-4fb3-95b7-0fba8ef36735\",\"CatalogName\":\"BONLESS DADA\"}]}','admin'),('2021-12-20 20:21:02','DESKTOP-5BJROPJ','192.168.0.13','INFROMATION','admin opened Data Retur form','admin'),('2021-12-20 20:27:42','DESKTOP-5BJROPJ','192.168.0.13','INFROMATION','admin logged in','admin'),('2021-12-20 20:27:57','DESKTOP-5BJROPJ','192.168.0.13','INFROMATION','admin opened Data Retur form','admin'),('2021-12-20 20:30:10','DESKTOP-5BJROPJ','192.168.0.13','INFROMATION','admin logged in','admin'),('2021-12-20 20:30:16','DESKTOP-5BJROPJ','192.168.0.13','INFROMATION','admin opened Data Retur form','admin'),('2021-12-20 20:32:27','DESKTOP-5BJROPJ','192.168.0.13','INFROMATION','admin logged in','admin'),('2021-12-20 20:32:33','DESKTOP-5BJROPJ','192.168.0.13','INFROMATION','admin opened Data Retur form','admin'),('2021-12-20 20:34:51','DESKTOP-5BJROPJ','192.168.0.13','INFROMATION','admin logged in','admin'),('2021-12-20 20:34:55','DESKTOP-5BJROPJ','192.168.0.13','INFROMATION','admin opened Data Retur form','admin'),('2021-12-20 20:36:04','DESKTOP-5BJROPJ','192.168.0.13','INFROMATION','admin logged in','admin'),('2021-12-20 20:36:07','DESKTOP-5BJROPJ','192.168.0.13','INFROMATION','admin opened Data Retur form','admin'),('2021-12-20 20:37:39','DESKTOP-5BJROPJ','192.168.0.13','INFROMATION','admin logged in','admin'),('2021-12-20 20:37:43','DESKTOP-5BJROPJ','192.168.0.13','INFROMATION','admin opened Data Retur form','admin'),('2021-12-20 20:38:48','DESKTOP-5BJROPJ','192.168.0.13','INFROMATION','admin logged in','admin'),('2021-12-20 20:38:51','DESKTOP-5BJROPJ','192.168.0.13','INFROMATION','admin opened Data Retur form','admin'),('2021-12-21 06:04:09','DESKTOP-5BJROPJ','192.168.0.13','INFROMATION','admin opened Stock Detail/Update form','admin'),('2021-12-21 06:04:24','DESKTOP-5BJROPJ','192.168.0.13','INFROMATION','admin opened Data Retur form','admin'),('2021-12-21 06:04:44','DESKTOP-5BJROPJ','192.168.0.13','INFROMATION','admin opened List of Sale form','admin'),('2021-12-21 06:05:16','DESKTOP-5BJROPJ','192.168.0.13','INFROMATION','admin opened Stock List Per Supplier form','admin'),('2021-12-21 06:25:44','DESKTOP-5BJROPJ','192.168.0.13','INFROMATION','admin logged in','admin'),('2021-12-21 06:27:03','DESKTOP-5BJROPJ','192.168.0.13','INFROMATION','admin opened Stock Detail/Update form','admin'),('2021-12-21 06:27:16','DESKTOP-5BJROPJ','192.168.0.13','INFROMATION','admin opened DailySales report','admin'),('2021-12-21 06:33:00','DESKTOP-5BJROPJ','192.168.0.13','INFROMATION','admin logged in','admin'),('2021-12-21 06:33:39','DESKTOP-5BJROPJ','192.168.0.13','INFROMATION','admin opened DailySales report','admin'),('2021-12-21 06:35:14','DESKTOP-5BJROPJ','192.168.0.13','INFROMATION','admin logged in','admin'),('2021-12-21 06:35:31','DESKTOP-5BJROPJ','192.168.0.13','INFROMATION','admin opened DailySales report','admin'),('2021-12-21 06:36:54','DESKTOP-5BJROPJ','192.168.0.13','INFROMATION','admin opened DailyCatalogSales report','admin'),('2021-12-21 06:45:52','DESKTOP-5BJROPJ','192.168.0.13','INFROMATION','admin logged in','admin'),('2021-12-21 06:46:43','DESKTOP-5BJROPJ','192.168.0.13','INFROMATION','admin logged in','admin'),('2021-12-21 06:46:57','DESKTOP-5BJROPJ','192.168.0.13','INFROMATION','admin opened DailyCatalogSales report','admin'),('2021-12-21 06:47:51','DESKTOP-5BJROPJ','192.168.0.13','INFROMATION','admin opened DailySales report','admin'),('2021-12-21 06:48:11','DESKTOP-5BJROPJ','192.168.0.13','INFROMATION','admin opened Input Stock form','admin'),('2021-12-21 06:48:46','DESKTOP-5BJROPJ','192.168.0.13','INSERT','Input Stock-{\"PurchaseNo\":\"20211221064811-2\",\"PurchaseDate\":\"2021-12-21T06:48:11.9405303+07:00\",\"Notes\":\"5.000,00(Kg)\",\"CreatedDate\":\"2021-12-21T06:48:45.676396+07:00\",\"CreatedBy\":\"admin\",\"SupplierCode\":\"BARAB20200808172351\",\"TotalQty\":5000.00,\"TotalPrice\":75000000.00,\"Details\":[{\"ID\":0,\"PurchaseNo\":null,\"CatalogID\":53,\"CreatedDate\":\"2021-12-21T06:48:39.2605417+07:00\",\"CreatedBy\":\"admin\",\"Qty\":5000.00,\"PricePerUnit\":15000.0,\"TotalPrice\":75000000.00,\"Unit\":\"Kg\",\"Coli\":50.0,\"UniqueID\":\"5169b4f0-41dc-434e-a0ff-8c2f26bd3b00\",\"CatalogName\":\"ATI AMPELA\"}]}','admin'),('2021-12-21 06:48:59','DESKTOP-5BJROPJ','192.168.0.13','INFROMATION','admin opened Sale form','admin'),('2021-12-21 06:49:45','DESKTOP-5BJROPJ','192.168.0.13','INSERT','Sale-{\"TransactionID\":\"21122021001\",\"TotalPrice\":8500000.0,\"TotalQty\":\"500,00(Kg)\",\"TransactionDate\":\"2021-12-21T06:48:59.6014662+07:00\",\"Username\":\"admin\",\"MemberID\":14,\"CustomerName\":null,\"Tax\":0.0,\"Terminal\":\"DESKTOP-5BJROPJ\",\"TotalPayment\":8500000.0,\"TotalPaymentReturn\":0.0,\"Notes\":\"\",\"PaymentType\":2,\"Counter\":0,\"Details\":[{\"ID\":0,\"TransactionID\":\"21122021001\",\"CatalogName\":null,\"CatalogID\":53,\"Price\":17000.00,\"Discount\":0.0,\"Quantity\":500.00,\"TotalPrice\":8500000.0000,\"Unit\":\"Kg\",\"Sequence\":1,\"Coli\":0.00}],\"ExpiredDate\":null}','admin'),('2021-12-21 06:50:48','DESKTOP-5BJROPJ','192.168.0.13','INFROMATION','admin opened Data Retur form','admin'),('2021-12-21 06:51:26','DESKTOP-5BJROPJ','192.168.0.13','INFROMATION','admin opened DailySales report','admin'),('2021-12-21 06:54:18','DESKTOP-5BJROPJ','192.168.0.13','INFROMATION','admin logged in','admin'),('2021-12-21 06:54:29','DESKTOP-5BJROPJ','192.168.0.13','INFROMATION','admin opened DailySales report','admin'),('2021-12-21 06:56:18','DESKTOP-5BJROPJ','192.168.0.13','INFROMATION','admin logged in','admin'),('2021-12-21 06:56:25','DESKTOP-5BJROPJ','192.168.0.13','INFROMATION','admin opened DailySales report','admin'),('2021-12-21 06:56:52','DESKTOP-5BJROPJ','192.168.0.13','INFROMATION','admin opened DailyCatalogSales report','admin'),('2021-12-21 06:58:21','DESKTOP-5BJROPJ','192.168.0.13','INFROMATION','admin logged in','admin'),('2021-12-21 06:58:29','DESKTOP-5BJROPJ','192.168.0.13','INFROMATION','admin opened DailyCatalogSales report','admin'),('2021-12-21 06:59:18','DESKTOP-5BJROPJ','192.168.0.13','INFROMATION','admin opened Piutang report','admin'),('2021-12-21 06:59:30','DESKTOP-5BJROPJ','192.168.0.13','INFROMATION','admin opened Piutang report','admin'),('2021-12-21 06:59:46','DESKTOP-5BJROPJ','192.168.0.13','INFROMATION','admin opened Piutang report','admin'),('2021-12-21 07:02:38','DESKTOP-5BJROPJ','192.168.0.13','INFROMATION','admin logged in','admin'),('2021-12-21 07:02:46','DESKTOP-5BJROPJ','192.168.0.13','INFROMATION','admin opened Piutang report','admin'),('2021-12-21 07:03:10','DESKTOP-5BJROPJ','192.168.0.13','INFROMATION','admin opened List of Sale form','admin'),('2021-12-21 07:05:46','DESKTOP-5BJROPJ','192.168.0.13','INFROMATION','admin opened Piutang report','admin'),('2021-12-21 07:08:51','DESKTOP-5BJROPJ','192.168.0.13','INFROMATION','admin logged in','admin'),('2021-12-21 07:09:00','DESKTOP-5BJROPJ','192.168.0.13','INFROMATION','admin opened Piutang report','admin'),('2021-12-21 07:10:39','DESKTOP-5BJROPJ','192.168.0.13','INFROMATION','admin logged in','admin'),('2021-12-21 07:10:48','DESKTOP-5BJROPJ','192.168.0.13','INFROMATION','admin opened Piutang report','admin'),('2021-12-21 07:11:57','DESKTOP-5BJROPJ','192.168.0.13','INFROMATION','admin logged in','admin'),('2021-12-21 07:12:36','DESKTOP-5BJROPJ','192.168.0.13','INFROMATION','admin opened Piutang report','admin'),('2021-12-21 07:14:12','DESKTOP-5BJROPJ','192.168.0.13','INFROMATION','admin opened Stock report','admin'),('2021-12-21 07:14:20','DESKTOP-5BJROPJ','192.168.0.13','INFROMATION','admin opened CstmCatalogStock report','admin'),('2021-12-21 07:14:49','DESKTOP-5BJROPJ','192.168.0.13','INFROMATION','admin opened Harga Pokok Penjualan (HPP) form','admin'),('2021-12-21 07:37:12','DESKTOP-5BJROPJ','192.168.0.13','INFROMATION','admin logged in','admin'),('2021-12-21 07:37:24','DESKTOP-5BJROPJ','192.168.0.13','INFROMATION','admin opened CstmCatalogStock report','admin'),('2021-12-21 07:37:39','DESKTOP-5BJROPJ','192.168.0.13','INFROMATION','admin opened Stock report','admin'),('2021-12-21 07:38:47','DESKTOP-5BJROPJ','192.168.0.13','INFROMATION','admin opened CstmCatalogStock report','admin'),('2021-12-21 07:39:15','DESKTOP-5BJROPJ','192.168.0.13','INFROMATION','admin opened List of Sale form','admin'),('2021-12-21 07:40:48','DESKTOP-5BJROPJ','192.168.0.13','INFROMATION','admin opened Data Retur form','admin'),('2021-12-21 07:40:56','DESKTOP-5BJROPJ','192.168.0.13','INFROMATION','admin opened Stock report','admin'),('2021-12-21 07:41:38','DESKTOP-5BJROPJ','192.168.0.13','INFROMATION','admin opened CstmCatalogStock report','admin'),('2021-12-21 07:50:11','DESKTOP-5BJROPJ','192.168.0.13','INFROMATION','admin logged in','admin'),('2021-12-21 07:50:21','DESKTOP-5BJROPJ','192.168.0.13','INFROMATION','admin opened CstmCatalogStock report','admin'),('2021-12-21 07:50:45','DESKTOP-5BJROPJ','192.168.0.13','INFROMATION','admin opened Stock report','admin'),('2021-12-21 07:52:06','DESKTOP-5BJROPJ','192.168.0.13','INFROMATION','admin logged in','admin'),('2021-12-21 07:58:18','DESKTOP-5BJROPJ','192.168.0.13','INFROMATION','admin logged in','admin'),('2021-12-21 07:58:26','DESKTOP-5BJROPJ','192.168.0.13','INFROMATION','admin opened Stock report','admin'),('2021-12-21 09:49:41','DESKTOP-5BJROPJ','192.168.0.13','INFROMATION','admin logged in','admin'),('2021-12-21 09:49:46','DESKTOP-5BJROPJ','192.168.0.13','INFROMATION','admin opened Data Retur form','admin'),('2021-12-21 09:57:07','DESKTOP-5BJROPJ','192.168.0.13','INFROMATION','admin logged in','admin'),('2021-12-21 09:57:19','DESKTOP-5BJROPJ','192.168.0.13','INFROMATION','admin opened Data Retur form','admin'),('2021-12-21 09:57:51','DESKTOP-5BJROPJ','192.168.0.13','INFROMATION','admin opened List of Sale form','admin'),('2021-12-21 09:58:09','DESKTOP-5BJROPJ','192.168.0.13','INFROMATION','admin opened Data Retur form','admin'),('2021-12-21 09:59:25','DESKTOP-5BJROPJ','192.168.0.13','INFROMATION','admin logged in','admin'),('2021-12-21 09:59:28','DESKTOP-5BJROPJ','192.168.0.13','INFROMATION','admin opened Data Retur form','admin'),('2021-12-21 10:03:34','DESKTOP-5BJROPJ','192.168.0.13','INFROMATION','admin logged in','admin'),('2021-12-21 10:03:38','DESKTOP-5BJROPJ','192.168.0.13','INFROMATION','admin opened Data Retur form','admin'),('2021-12-21 10:06:17','DESKTOP-5BJROPJ','192.168.0.13','INFROMATION','admin logged in','admin'),('2021-12-21 10:06:21','DESKTOP-5BJROPJ','192.168.0.13','INFROMATION','admin opened Data Retur form','admin'),('2021-12-21 10:09:37','DESKTOP-5BJROPJ','192.168.0.13','INFROMATION','admin logged in','admin'),('2021-12-21 10:09:41','DESKTOP-5BJROPJ','192.168.0.13','INFROMATION','admin opened Data Retur form','admin'),('2021-12-21 10:12:43','DESKTOP-5BJROPJ','192.168.0.13','INFROMATION','admin logged in','admin'),('2021-12-21 10:12:55','DESKTOP-5BJROPJ','192.168.0.13','INFROMATION','admin opened Data Retur form','admin'),('2021-12-21 10:13:02','DESKTOP-5BJROPJ','192.168.0.13','ERROR','Could not find specified column in results: Colly','admin'),('2021-12-21 10:13:43','DESKTOP-5BJROPJ','192.168.0.13','INFROMATION','admin logged in','admin'),('2021-12-21 10:13:47','DESKTOP-5BJROPJ','192.168.0.13','INFROMATION','admin opened Data Retur form','admin'),('2021-12-21 10:17:40','DESKTOP-5BJROPJ','192.168.0.13','INFROMATION','admin logged in','admin'),('2021-12-21 10:17:44','DESKTOP-5BJROPJ','192.168.0.13','INFROMATION','admin opened Data Retur form','admin'),('2021-12-21 10:18:18','DESKTOP-5BJROPJ','192.168.0.13','ERROR','Could not find specified column in results: Colly','admin'),('2021-12-21 10:19:00','DESKTOP-5BJROPJ','192.168.0.13','INFROMATION','admin logged in','admin'),('2021-12-21 10:19:05','DESKTOP-5BJROPJ','192.168.0.13','INFROMATION','admin opened Data Retur form','admin'),('2021-12-21 10:20:44','DESKTOP-5BJROPJ','192.168.0.13','INFROMATION','admin logged in','admin'),('2021-12-21 10:20:47','DESKTOP-5BJROPJ','192.168.0.13','INFROMATION','admin opened Data Retur form','admin'),('2021-12-21 10:21:02','DESKTOP-5BJROPJ','192.168.0.13','DELETE','Data Retur-{\"Counter\":2,\"TransactionID\":\"21122021001\",\"ReturnNo\":\"20211221065051-1\",\"TotalPrice\":3400000.00,\"TotalQty\":200.00,\"ReturnDate\":\"2021-12-21T06:50:51\",\"Created\":\"2021-12-21T06:51:19\",\"CreatedBy\":\"admin\",\"Customer\":\"14\",\"CustomerName\":\"BAGUS BOGOR\",\"Terminal\":\"192.168.0.13\",\"NoStruk\":\"2\",\"Notes\":\"200,00(Kg)\",\"Details\":[{\"UniqueID\":\"00000000-0000-0000-0000-000000000000\",\"ID\":5,\"ReturnNo\":\"20211221065051-1\",\"CatalogName\":\"ATI AMPELA\",\"Catalog\":\"53\",\"Price\":17000.00,\"Discount\":0.00,\"Qty\":200.00,\"Colly\":0.0,\"TotalPrice\":3400000.00,\"Unit\":\"Kg\",\"Sequence\":1,\"CreatedBy\":null,\"CreatedDate\":\"0001-01-01T00:00:00\",\"Item\":null}]}','admin'),('2021-12-21 10:21:10','DESKTOP-5BJROPJ','192.168.0.13','DELETE','Data Retur-{\"Counter\":1,\"TransactionID\":\"20122021001\",\"ReturnNo\":\"20211220081633-1\",\"TotalPrice\":7000000.00,\"TotalQty\":100.00,\"ReturnDate\":\"2021-12-20T08:16:33\",\"Created\":\"2021-12-20T08:17:04\",\"CreatedBy\":\"admin\",\"Customer\":\"2\",\"CustomerName\":\"AGUS TJ PRIOK\",\"Terminal\":\"192.168.0.13\",\"NoStruk\":\"1\",\"Notes\":\"100,00(Kg)\",\"Details\":[{\"UniqueID\":\"00000000-0000-0000-0000-000000000000\",\"ID\":4,\"ReturnNo\":\"20211220081633-1\",\"CatalogName\":\"BONLESS DADA\",\"Catalog\":\"5\",\"Price\":70000.00,\"Discount\":0.00,\"Qty\":100.00,\"Colly\":0.0,\"TotalPrice\":7000000.00,\"Unit\":\"Kg\",\"Sequence\":1,\"CreatedBy\":null,\"CreatedDate\":\"0001-01-01T00:00:00\",\"Item\":null}]}','admin'),('2021-12-21 20:51:45','DESKTOP-5BJROPJ','192.168.0.12','INFROMATION','admin logged in','admin'),('2021-12-21 20:51:51','DESKTOP-5BJROPJ','192.168.0.12','INFROMATION','admin opened Previllage form','admin'),('2021-12-21 20:52:10','DESKTOP-5BJROPJ','192.168.0.12','INFROMATION','admin opened Menu form','admin'),('2021-12-21 20:52:50','DESKTOP-5BJROPJ','192.168.0.12','UPDATE','Menu-{\"Enabled\":false,\"ID\":50,\"Code\":\"return_p\",\"Name\":\"Data Retur Pembelian\",\"Description\":\"Data Return Pembelian\",\"ParentID\":28,\"Sequence\":11}','admin'),('2021-12-21 20:52:59','DESKTOP-5BJROPJ','192.168.0.12','INFROMATION','Logout','admin'),('2021-12-21 20:56:06','DESKTOP-5BJROPJ','192.168.0.12','INFROMATION','admin logged in','admin'),('2021-12-21 20:57:47','DESKTOP-5BJROPJ','192.168.0.12','INFROMATION','admin opened Data Retur Pembelian form','admin'),('2021-12-21 21:06:03','DESKTOP-5BJROPJ','192.168.0.12','INFROMATION','admin logged in','admin'),('2021-12-21 21:06:06','DESKTOP-5BJROPJ','192.168.0.12','INFROMATION','admin opened Data Retur Pembelian form','admin'),('2021-12-21 21:06:30','DESKTOP-5BJROPJ','192.168.0.12','INFROMATION','admin opened Input Stock form','admin'),('2021-12-21 21:07:26','DESKTOP-5BJROPJ','192.168.0.12','INSERT','Input Stock-{\"PurchaseNo\":\"20211221210630-3\",\"PurchaseDate\":\"2021-12-21T21:06:30.6986081+07:00\",\"Notes\":\"1.500,00(Kg)\",\"CreatedDate\":\"2021-12-21T21:07:25.5693369+07:00\",\"CreatedBy\":\"admin\",\"SupplierCode\":\"BARAB20200808172351\",\"TotalQty\":1500.00,\"TotalPrice\":56000000.00,\"Details\":[{\"ID\":0,\"PurchaseNo\":null,\"CatalogID\":6,\"CreatedDate\":\"2021-12-21T21:06:51.5768118+07:00\",\"CreatedBy\":\"admin\",\"Qty\":1000.00,\"PricePerUnit\":50000.0,\"TotalPrice\":50000000.00,\"Unit\":\"Kg\",\"Coli\":50.0,\"UniqueID\":\"feb78c11-3eb5-442b-a19d-b1edd4b84de0\",\"CatalogName\":\"BONLESS PAHA\"},{\"ID\":0,\"PurchaseNo\":null,\"CatalogID\":52,\"CreatedDate\":\"2021-12-21T21:07:20.566596+07:00\",\"CreatedBy\":\"admin\",\"Qty\":500.00,\"PricePerUnit\":12000.0,\"TotalPrice\":6000000.00,\"Unit\":\"Kg\",\"Coli\":61.0,\"UniqueID\":\"59509719-b40a-4435-bbf8-1e7849c798c8\",\"CatalogName\":\"CEKER\"}]}','admin'),('2021-12-21 21:14:17','DESKTOP-5BJROPJ','192.168.0.12','INFROMATION','admin logged in','admin'),('2021-12-21 21:14:23','DESKTOP-5BJROPJ','192.168.0.12','INFROMATION','admin opened Input Stock form','admin'),('2021-12-21 21:15:33','DESKTOP-5BJROPJ','192.168.0.12','INSERT','Input Stock-{\"PurchaseNo\":\"20211221211423-4\",\"PurchaseDate\":\"2021-12-21T21:14:23.7498818+07:00\",\"Notes\":\"4.500,00(Kg)\",\"CreatedDate\":\"2021-12-21T21:15:32.3936423+07:00\",\"CreatedBy\":\"admin\",\"SupplierCode\":\"CVPAN20181225160540\",\"TotalQty\":4500.00,\"TotalPrice\":165000000.00,\"Details\":[{\"ID\":0,\"PurchaseNo\":null,\"CatalogID\":6,\"CreatedDate\":\"2021-12-21T21:14:50.8773255+07:00\",\"CreatedBy\":\"admin\",\"Qty\":3000.00,\"PricePerUnit\":45000.0,\"TotalPrice\":135000000.00,\"Unit\":\"Kg\",\"Coli\":30.0,\"UniqueID\":\"58833ead-1252-4bb3-8e4d-7f20c37110e1\",\"CatalogName\":\"BONLESS PAHA\"},{\"ID\":0,\"PurchaseNo\":null,\"CatalogID\":53,\"CreatedDate\":\"2021-12-21T21:15:18.2831573+07:00\",\"CreatedBy\":\"admin\",\"Qty\":1500.00,\"PricePerUnit\":20000.0,\"TotalPrice\":30000000.00,\"Unit\":\"Kg\",\"Coli\":20.0,\"UniqueID\":\"2d191afe-3520-44ec-9a8d-e8b837b7554a\",\"CatalogName\":\"ATI AMPELA\"}]}','admin'),('2021-12-21 21:16:20','DESKTOP-5BJROPJ','192.168.0.12','INFROMATION','admin logged in','admin'),('2021-12-21 21:16:26','DESKTOP-5BJROPJ','192.168.0.12','INFROMATION','admin opened Stock List Per Supplier form','admin'),('2021-12-21 21:16:52','DESKTOP-5BJROPJ','192.168.0.12','INSERT','Input Stock-{\"PurchaseNo\":\"20211221211627-5\",\"PurchaseDate\":\"2021-12-21T21:16:27.8690771+07:00\",\"Notes\":\"200,00(Kg)\",\"CreatedDate\":\"2021-12-21T21:16:51.7184946+07:00\",\"CreatedBy\":\"admin\",\"SupplierCode\":\"ANUGE20181227184148\",\"TotalQty\":200.00,\"TotalPrice\":2600000.00,\"Details\":[{\"ID\":0,\"PurchaseNo\":null,\"CatalogID\":53,\"CreatedDate\":\"2021-12-21T21:16:49.8864599+07:00\",\"CreatedBy\":\"admin\",\"Qty\":200.00,\"PricePerUnit\":13000.0,\"TotalPrice\":2600000.00,\"Unit\":\"Kg\",\"Coli\":4.0,\"UniqueID\":\"684da4d8-4e75-4c24-af41-22d9e44746f4\",\"CatalogName\":\"ATI AMPELA\"}]}','admin'),('2021-12-21 21:22:50','DESKTOP-5BJROPJ','192.168.0.12','INFROMATION','admin logged in','admin'),('2021-12-21 21:23:41','DESKTOP-5BJROPJ','192.168.0.12','INFROMATION','admin opened Data Retur Pembelian form','admin'),('2021-12-21 21:23:43','DESKTOP-5BJROPJ','192.168.0.12','INFROMATION','admin opened Stock List Per Supplier form','admin'),('2021-12-21 21:25:42','DESKTOP-5BJROPJ','192.168.0.12','INFROMATION','admin logged in','admin'),('2021-12-21 21:25:47','DESKTOP-5BJROPJ','192.168.0.12','INFROMATION','admin opened Stock List Per Supplier form','admin'),('2021-12-21 21:26:24','DESKTOP-5BJROPJ','192.168.0.12','INFROMATION','admin opened Data Retur Pembelian form','admin'),('2021-12-21 21:28:38','DESKTOP-5BJROPJ','192.168.0.12','INFROMATION','admin logged in','admin'),('2021-12-21 21:28:40','DESKTOP-5BJROPJ','192.168.0.12','INFROMATION','admin opened Data Retur Pembelian form','admin'),('2021-12-21 21:33:31','DESKTOP-5BJROPJ','192.168.0.12','INFROMATION','admin logged in','admin'),('2021-12-21 21:33:34','DESKTOP-5BJROPJ','192.168.0.12','INFROMATION','admin opened Data Retur Pembelian form','admin'),('2021-12-21 22:01:41','DESKTOP-5BJROPJ','192.168.0.12','INFROMATION','admin logged in','admin'),('2021-12-21 22:01:45','DESKTOP-5BJROPJ','192.168.0.12','INFROMATION','admin opened Data Retur Pembelian form','admin'),('2021-12-21 22:04:19','DESKTOP-5BJROPJ','192.168.0.12','INFROMATION','admin logged in','admin'),('2021-12-21 22:04:22','DESKTOP-5BJROPJ','192.168.0.12','INFROMATION','admin opened Data Retur Pembelian form','admin'),('2021-12-21 22:08:31','DESKTOP-5BJROPJ','192.168.0.12','INFROMATION','admin logged in','admin'),('2021-12-21 22:08:34','DESKTOP-5BJROPJ','192.168.0.12','INFROMATION','admin opened Data Retur Pembelian form','admin'),('2021-12-21 22:15:11','DESKTOP-5BJROPJ','192.168.0.12','INFROMATION','admin logged in','admin'),('2021-12-21 22:15:17','DESKTOP-5BJROPJ','192.168.0.12','INFROMATION','admin opened Data Retur Pembelian form','admin'),('2021-12-22 20:35:12','DESKTOP-5BJROPJ','192.168.0.12','INFROMATION','admin logged in','admin'),('2021-12-22 20:35:23','DESKTOP-5BJROPJ','192.168.0.12','INFROMATION','admin opened Input Stock form','admin'),('2021-12-22 20:36:37','DESKTOP-5BJROPJ','192.168.0.12','INSERT','Input Stock-{\"PurchaseNo\":\"20211222203523-6\",\"PurchaseDate\":\"2021-12-22T20:35:23.6407796+07:00\",\"Notes\":\"5.250,00(Kg)\",\"CreatedDate\":\"2021-12-22T20:36:34.753943+07:00\",\"CreatedBy\":\"admin\",\"SupplierCode\":\"ALBAR20181225172737\",\"TotalQty\":5250.00,\"TotalPrice\":167250000.00,\"Counter\":0,\"Details\":[{\"ID\":0,\"PurchaseNo\":null,\"CatalogID\":25,\"CreatedDate\":\"2021-12-22T20:36:16.2378116+07:00\",\"CreatedBy\":\"admin\",\"Qty\":1800.00,\"PricePerUnit\":45000.0,\"TotalPrice\":81000000.00,\"Unit\":\"Kg\",\"Coli\":12.0,\"UniqueID\":\"c6d5433d-ce71-46f3-9f0b-13f65db43280\",\"CatalogName\":\"BLPK\"},{\"ID\":0,\"PurchaseNo\":null,\"CatalogID\":11,\"CreatedDate\":\"2021-12-22T20:36:31.2065224+07:00\",\"CreatedBy\":\"admin\",\"Qty\":3450.00,\"PricePerUnit\":25000.0,\"TotalPrice\":86250000.00,\"Unit\":\"Kg\",\"Coli\":34.0,\"UniqueID\":\"95884843-d024-41b3-900d-56f354e9f946\",\"CatalogName\":\"TRIMING PAHA\"}]}','admin'),('2021-12-22 20:36:52','DESKTOP-5BJROPJ','192.168.0.12','INFROMATION','admin opened Stock List Per Supplier form','admin'),('2021-12-22 20:40:55','DESKTOP-5BJROPJ','192.168.0.12','INFROMATION','admin logged in','admin'),('2021-12-22 20:40:59','DESKTOP-5BJROPJ','192.168.0.12','INFROMATION','admin opened Stock List Per Supplier form','admin'),('2021-12-22 20:42:10','DESKTOP-5BJROPJ','192.168.0.12','UPDATE','Input Stock-{\"PurchaseNo\":\"20211221064811-2\",\"PurchaseDate\":\"2021-12-21T06:48:11\",\"Notes\":\"5.500,00(Kg)\",\"CreatedDate\":\"2021-12-21T06:48:45\",\"CreatedBy\":\"admin\",\"SupplierCode\":\"BARAB20200808172351\",\"TotalQty\":5500.00,\"TotalPrice\":87500000.00,\"Counter\":5,\"Details\":[{\"ID\":3,\"PurchaseNo\":\"20211221064811-2\",\"CatalogID\":53,\"CreatedDate\":\"2021-12-21T06:48:45\",\"CreatedBy\":\"admin\",\"Qty\":5000.00,\"PricePerUnit\":15000.00,\"TotalPrice\":75000000.00,\"Unit\":\"Kg\",\"Coli\":50.00,\"UniqueID\":\"a9900d6b-d625-432c-b0de-9ac3bb462517\",\"CatalogName\":\"ATI AMPELA\"},{\"ID\":0,\"PurchaseNo\":null,\"CatalogID\":52,\"CreatedDate\":\"2021-12-22T20:41:20.149677+07:00\",\"CreatedBy\":\"admin\",\"Qty\":500.00,\"PricePerUnit\":25000.0,\"TotalPrice\":12500000.00,\"Unit\":\"Kg\",\"Coli\":12.0,\"UniqueID\":\"c4f4b539-531f-41ed-b1e5-81f21b7dab3a\",\"CatalogName\":\"CEKER\"}]}','admin'),('2021-12-22 20:44:40','DESKTOP-5BJROPJ','192.168.0.12','INFROMATION','admin opened Data Retur Pembelian form','admin'),('2021-12-22 20:44:50','DESKTOP-5BJROPJ','192.168.0.12','INFROMATION','admin opened Stock List Per Supplier form','admin'),('2021-12-22 20:44:56','DESKTOP-5BJROPJ','192.168.0.12','INFROMATION','admin opened Data Retur Pembelian form','admin');

/*Table structure for table `menu` */

DROP TABLE IF EXISTS `menu`;

CREATE TABLE `menu` (
  `ID` int(11) NOT NULL AUTO_INCREMENT,
  `Code` varchar(100) DEFAULT NULL,
  `Name` varchar(500) DEFAULT NULL,
  `ParentID` int(11) DEFAULT NULL,
  `Sequence` int(11) DEFAULT NULL,
  `Ico` blob,
  `Description` text,
  `CreatedDate` datetime DEFAULT NULL,
  `CreatedBy` varchar(50) DEFAULT NULL,
  `ModifiedDate` datetime DEFAULT NULL,
  `ModifiedBy` varchar(50) DEFAULT NULL,
  PRIMARY KEY (`ID`)
) ENGINE=InnoDB AUTO_INCREMENT=51 DEFAULT CHARSET=latin1;

/*Data for the table `menu` */

insert  into `menu`(`ID`,`Code`,`Name`,`ParentID`,`Sequence`,`Ico`,`Description`,`CreatedDate`,`CreatedBy`,`ModifiedDate`,`ModifiedBy`) values (1,'File','File',0,1,NULL,'file',NULL,NULL,'2017-01-30 21:19:14','fathur'),(2,'Master','Master',0,2,NULL,'',NULL,NULL,'2017-01-30 21:19:27','fathur'),(3,'Transaction','Transaction',0,4,NULL,'',NULL,NULL,'2017-01-30 21:19:47','fathur'),(4,'report','Report',0,5,NULL,'',NULL,NULL,'2017-01-30 21:20:47','fathur'),(5,'UM','User Management',0,7,NULL,'',NULL,NULL,'2017-07-22 05:46:50','fathur'),(6,'user','User',5,10,NULL,'User',NULL,NULL,'2018-06-03 01:01:59','fathur'),(7,'role','Role',5,NULL,NULL,NULL,NULL,NULL,NULL,NULL),(8,'Previllage','Previllage',5,NULL,NULL,NULL,NULL,NULL,NULL,NULL),(9,'exit','Exit',1,2,NULL,'',NULL,NULL,'2016-12-26 09:33:30','fathur'),(10,'menu','Menu',5,NULL,NULL,NULL,NULL,NULL,NULL,NULL),(11,'catalog','Catalog',2,NULL,NULL,NULL,NULL,NULL,NULL,NULL),(12,'supplier','Supplier',2,NULL,NULL,NULL,NULL,NULL,NULL,NULL),(15,'salespoint','Sale',3,1,NULL,'Form Untuk menjual barang','2016-11-13 03:23:07','fathur','2016-12-31 23:56:12','fathur'),(16,'logout','Logout',1,3,NULL,'log out for this applicaition','2016-11-17 05:51:42','fathur','2016-12-26 09:34:50','fathur'),(18,'SaleList','List of Sale',3,2,NULL,'','2016-11-19 09:13:56','fathur','2017-01-30 21:37:31','fathur'),(19,'customer','Customer',2,5,NULL,'','2016-11-19 11:03:27','fathur',NULL,NULL),(21,'stock','Stock Detail/Update',28,1,NULL,'Stock Detail/Update','2016-11-21 21:44:49','fathur','2017-03-03 23:58:01','fathur'),(25,'salespermonth','Total Sales Per Catalog (Monthly)',34,6,NULL,'Grafik Penjualan Bulanan total','2016-12-16 00:48:19','fathur','2018-10-14 01:55:16','fathur'),(27,'lapstockdetail','Stock Detail',34,2,NULL,'Laporan Stock','2016-12-30 05:12:34','fathur','2018-10-14 01:53:17','fathur'),(28,'mstStock','Stock',0,3,NULL,'Stock','2017-03-03 22:04:04','fathur',NULL,NULL),(29,'purchase','Input Stock',28,2,NULL,'Input Stock','2017-03-03 23:57:35','fathur',NULL,NULL),(30,'salesperformancepermonth','Total Sales Performance',34,9,NULL,'Total Sales Performance','2017-03-06 22:21:34','fathur','2018-10-14 01:56:55','fathur'),(31,'polist','Stock List Per Supplier',28,3,NULL,'Stock List Per Supplier','2017-03-19 17:43:25','fathur',NULL,NULL),(32,'ar','Account Receivable',4,4,NULL,'Account Receivable','2017-04-25 12:42:36','lia','2017-07-22 23:03:07','fathur'),(33,'recon','Product Reconcile',3,5,NULL,'Product Reconcile','2017-05-01 21:58:55','fathur',NULL,NULL),(34,'neraca','Neraca',0,6,NULL,'Neraca','2017-07-22 05:42:07','fathur','2017-07-22 05:46:29','fathur'),(35,'dailysales','Daily Sales ( Per Customer)',4,1,NULL,'Daily Sales ( Per Customer)','2017-07-22 23:15:23','fathur','2017-08-01 20:47:01','fathur'),(36,'dailysalescatalog','Daily Sales ( Per Catalog)',4,2,NULL,'Daily Sales ( Per Catalog)','2017-08-01 20:47:42','fathur',NULL,NULL),(37,'lapstock','Current Stock',34,1,NULL,'Current Stock','2017-08-05 02:25:37','fathur',NULL,NULL),(38,'hpp','Harga Pokok Penjualan (HPP)',34,3,NULL,'Harga Pokok Penjualan (HPP)','2017-11-28 20:57:42','fathur','2018-10-14 01:53:30','fathur'),(39,'genhpp','Generate HPP',3,6,NULL,'Generate HPP','2018-01-21 18:33:12','fathur',NULL,NULL),(40,'rppc','Item Purchased Per Month',34,8,NULL,'Item Purchased Per Month','2018-01-24 20:59:49','fathur','2018-10-14 01:56:42','fathur'),(41,'frmTSCM','Total Sales per Customer (Monthly)',34,7,NULL,'Total Sales per Customer (Monthly)','2018-01-28 21:23:09','fathur','2018-10-14 01:55:48','fathur'),(42,'ndgp','Daily Gross Profit',34,4,NULL,'New Daily Gross Profit','2018-03-04 19:35:37','fathur','2018-10-14 01:54:04','fathur'),(45,'tpmonthly','Total Purchase (Monthly)',34,10,NULL,'Total Purchase (Monthly)','2018-04-08 20:40:14','fathur','2018-10-14 01:57:12','fathur'),(47,'tppsmonthly','Total Purchase Per Supplier (Monthly)',34,11,NULL,'Total Purchase Per Supplier (Monthly)','2018-04-08 23:10:26','fathur','2018-10-14 01:57:29','fathur'),(48,'MonthlySales','Monthly Sales',34,5,NULL,'Monthly Sales','2018-04-26 21:34:14','fathur','2018-10-14 01:54:49','fathur'),(49,'return_s','Data Retur Penjualan',3,10,NULL,'Data Retur','2021-12-21 00:00:00','fathur','2021-12-21 00:00:00','fathur'),(50,'return_p','Data Retur Pembelian',28,11,NULL,'Data Return Pembelian','2021-12-21 00:00:00','fathur','2021-12-21 20:52:49','admin');

/*Table structure for table `p_return` */

DROP TABLE IF EXISTS `p_return`;

CREATE TABLE `p_return` (
  `id` int(11) NOT NULL AUTO_INCREMENT,
  `TransactionID` varchar(100) DEFAULT NULL,
  `Notes` varchar(4000) DEFAULT NULL,
  `Created` datetime DEFAULT NULL,
  `CreatedBy` varchar(100) DEFAULT NULL,
  `ReturnDate` datetime DEFAULT NULL,
  `TotalQty` decimal(18,2) DEFAULT NULL,
  `TotalPrice` decimal(18,2) DEFAULT NULL,
  `ReturnNo` varchar(100) DEFAULT NULL,
  `Terminal` varchar(100) DEFAULT NULL,
  `Counter` int(11) DEFAULT NULL,
  PRIMARY KEY (`id`)
) ENGINE=InnoDB AUTO_INCREMENT=7 DEFAULT CHARSET=latin1;

/*Data for the table `p_return` */

insert  into `p_return`(`id`,`TransactionID`,`Notes`,`Created`,`CreatedBy`,`ReturnDate`,`TotalQty`,`TotalPrice`,`ReturnNo`,`Terminal`,`Counter`) values (6,'20211221211423-4','1.200,00(Kg)','2021-12-21 21:45:45','admin','2021-12-21 21:33:35','1200.00','51500000.00','20211221213335-1','192.168.0.12',2);

/*Table structure for table `p_return_detail` */

DROP TABLE IF EXISTS `p_return_detail`;

CREATE TABLE `p_return_detail` (
  `ID` int(11) NOT NULL AUTO_INCREMENT,
  `ReturnNo` varchar(100) DEFAULT NULL,
  `Catalog` varchar(20) DEFAULT NULL,
  `Price` decimal(18,2) DEFAULT NULL,
  `Discount` decimal(18,2) DEFAULT NULL,
  `Qty` decimal(18,2) DEFAULT NULL,
  `TotalPrice` decimal(18,2) DEFAULT NULL,
  `Sequence` int(11) DEFAULT NULL,
  `Created` datetime DEFAULT NULL,
  `CreatedBy` varchar(50) DEFAULT NULL,
  `Colly` decimal(18,2) DEFAULT NULL,
  PRIMARY KEY (`ID`)
) ENGINE=InnoDB AUTO_INCREMENT=9 DEFAULT CHARSET=latin1;

/*Data for the table `p_return_detail` */

insert  into `p_return_detail`(`ID`,`ReturnNo`,`Catalog`,`Price`,`Discount`,`Qty`,`TotalPrice`,`Sequence`,`Created`,`CreatedBy`,`Colly`) values (6,'20211221213335-1','6','45000.00','0.00','500.00','22500000.00',1,'2021-12-21 21:45:45','admin','3.00'),(7,'20211221213335-1','53','20000.00','0.00','100.00','2000000.00',2,'2021-12-21 21:45:45','admin','3.00'),(8,'20211221213335-1','6','45000.00','0.00','600.00','27000000.00',3,'2021-12-21 21:45:45','admin','7.00');

/*Table structure for table `personel` */

DROP TABLE IF EXISTS `personel`;

CREATE TABLE `personel` (
  `id` int(11) NOT NULL AUTO_INCREMENT,
  `name` varchar(100) DEFAULT NULL,
  `address` varchar(4000) DEFAULT NULL,
  `phone1` varchar(100) DEFAULT NULL,
  `phone2` varchar(100) DEFAULT NULL,
  `created` datetime DEFAULT NULL,
  `createdBy` varchar(100) DEFAULT NULL,
  `edited` datetime DEFAULT NULL,
  `editedBy` varchar(100) DEFAULT NULL,
  `pType` int(11) DEFAULT NULL,
  PRIMARY KEY (`id`)
) ENGINE=InnoDB DEFAULT CHARSET=latin1;

/*Data for the table `personel` */

/*Table structure for table `privilege` */

DROP TABLE IF EXISTS `privilege`;

CREATE TABLE `privilege` (
  `MenuID` int(11) NOT NULL,
  `RoleID` int(11) NOT NULL,
  `AllowCreate` bit(1) DEFAULT NULL,
  `AllowRead` bit(1) DEFAULT NULL,
  `AllowUpdate` bit(1) DEFAULT NULL,
  `AllowDelete` bit(1) DEFAULT NULL,
  `AllowPrint` bit(1) DEFAULT NULL,
  PRIMARY KEY (`MenuID`,`RoleID`)
) ENGINE=InnoDB DEFAULT CHARSET=latin1;

/*Data for the table `privilege` */

insert  into `privilege`(`MenuID`,`RoleID`,`AllowCreate`,`AllowRead`,`AllowUpdate`,`AllowDelete`,`AllowPrint`) values (1,1,'','','','',''),(1,2,'','','','',''),(1,3,'','','','',''),(1,4,'','','','',''),(2,1,'','','','',''),(2,2,'','','','',''),(3,1,'','','','',''),(3,2,'','','','',''),(3,3,'','','','',''),(4,1,'','','','',''),(4,2,'','','','',''),(5,1,'','','','',''),(5,2,'','\0','','',''),(6,1,'','','','',''),(6,2,'','\0','','',''),(7,1,'','','','',''),(7,2,'','\0','','',''),(8,1,'','','','',''),(8,2,'','\0','','',''),(9,1,'','\0','','',''),(9,2,'','\0','','',''),(9,3,'','\0','','',''),(9,4,'','','','',''),(10,1,'','','','',''),(10,2,'','\0','','',''),(11,1,'','','','',''),(11,2,'','','','',''),(12,1,'','','','',''),(12,2,'','','','',''),(13,1,'','','','',''),(13,2,'','','','',''),(14,1,'','','','',''),(14,2,'','','','',''),(15,1,'','','','',''),(15,2,'','','','',''),(15,3,'','','','',''),(16,1,'','','','',''),(16,2,'','','','',''),(16,3,'','','','',''),(16,4,'','','','',''),(17,1,'','','','',''),(17,2,'','\0','','',''),(18,1,'','','','',''),(18,2,'','','','',''),(18,3,'','','','',''),(19,1,'','','','',''),(19,2,'','','','',''),(20,1,'','','','',''),(20,2,'','','','',''),(21,1,'','','','',''),(21,2,'','','','',''),(22,1,'','','','',''),(22,2,'','','','',''),(23,1,'','','','',''),(23,2,'','\0','','',''),(24,1,'','','','',''),(24,2,'','\0','','',''),(25,1,'','','','',''),(25,2,'','','','',''),(26,1,'','','','',''),(26,2,'','\0','','',''),(27,1,'','','','',''),(27,2,'','','','',''),(28,1,'','','','',''),(28,2,'','','','',''),(29,1,'','','','',''),(29,2,'','','','',''),(30,1,'','','','',''),(30,2,'','\0','','',''),(31,1,'','','','',''),(31,2,'','','','',''),(32,1,'','','','',''),(32,2,'','','','',''),(33,1,'','','','',''),(33,2,'','\0','','',''),(33,3,'','\0','','',''),(34,1,'','','','',''),(35,1,'','','','',''),(35,2,'','','','',''),(36,1,'','','','',''),(36,2,'','','','',''),(37,1,'','','','',''),(38,1,'','','','',''),(39,1,'','','','',''),(39,3,'','\0','','',''),(40,1,'','','','',''),(41,1,'','','','',''),(42,1,'','','','',''),(45,1,'','','','',''),(47,1,'','','','',''),(48,1,'','','','',''),(49,1,'','','','',''),(50,1,'','','','','');

/*Table structure for table `profile` */

DROP TABLE IF EXISTS `profile`;

CREATE TABLE `profile` (
  `Alamat` varchar(4000) DEFAULT NULL,
  `Telp1` varchar(500) DEFAULT NULL,
  `Telp2` varchar(500) DEFAULT NULL,
  `Nama` varchar(500) DEFAULT NULL,
  `Keterangan` varchar(500) DEFAULT NULL,
  `web` varchar(500) DEFAULT NULL,
  `email` varchar(500) DEFAULT NULL,
  `id` int(11) NOT NULL AUTO_INCREMENT,
  `logo` blob,
  `logo_extension` varchar(30) DEFAULT NULL,
  PRIMARY KEY (`id`)
) ENGINE=InnoDB DEFAULT CHARSET=latin1;

/*Data for the table `profile` */

/*Table structure for table `purchase` */

DROP TABLE IF EXISTS `purchase`;

CREATE TABLE `purchase` (
  `PurchaseNo` varchar(100) NOT NULL,
  `PurchaseDate` datetime DEFAULT NULL,
  `Notes` text,
  `CreatedDate` datetime DEFAULT NULL,
  `CreatedBy` varchar(50) DEFAULT NULL,
  `SupplierCode` varchar(50) DEFAULT NULL,
  `TotalQty` decimal(18,2) DEFAULT NULL,
  `TotalPrice` decimal(18,2) DEFAULT NULL,
  `ID` int(11) NOT NULL AUTO_INCREMENT,
  `Counter` int(11) DEFAULT NULL,
  PRIMARY KEY (`ID`)
) ENGINE=InnoDB AUTO_INCREMENT=7 DEFAULT CHARSET=latin1;

/*Data for the table `purchase` */

insert  into `purchase`(`PurchaseNo`,`PurchaseDate`,`Notes`,`CreatedDate`,`CreatedBy`,`SupplierCode`,`TotalQty`,`TotalPrice`,`ID`,`Counter`) values ('20211220075554-1','2021-12-20 07:55:54','1.000,00(Kg)','2021-12-20 08:04:21','admin','CVELZ20181225174209','1000.00','50000000.00',1,4),('20211221064811-2','2021-12-21 06:48:11','5.500,00(Kg)','2021-12-21 06:48:45','admin','BARAB20200808172351','5500.00','87500000.00',2,5),('20211221210630-3','2021-12-21 21:06:30','1.500,00(Kg)','2021-12-21 21:07:25','admin','BARAB20200808172351','1500.00','56000000.00',3,1),('20211221211423-4','2021-12-21 21:14:23','4.500,00(Kg)','2021-12-21 21:15:32','admin','CVPAN20181225160540','4500.00','165000000.00',4,2),('20211221211627-5','2021-12-21 21:16:27','200,00(Kg)','2021-12-21 21:16:51','admin','ANUGE20181227184148','200.00','2600000.00',5,3);

/*Table structure for table `purchasedetail` */

DROP TABLE IF EXISTS `purchasedetail`;

CREATE TABLE `purchasedetail` (
  `PurchaseNo` varchar(100) NOT NULL,
  `CatalogID` int(11) NOT NULL,
  `Qty` decimal(18,2) DEFAULT NULL,
  `PricePerUnit` decimal(18,2) DEFAULT NULL,
  `CreatedDate` datetime DEFAULT NULL,
  `CreatedBy` varchar(50) DEFAULT NULL,
  `ID` bigint(11) NOT NULL AUTO_INCREMENT,
  `TotalPrice` decimal(18,2) DEFAULT NULL,
  `Unit` varchar(50) DEFAULT NULL,
  `coli` decimal(18,2) DEFAULT NULL,
  PRIMARY KEY (`ID`)
) ENGINE=InnoDB AUTO_INCREMENT=13 DEFAULT CHARSET=latin1;

/*Data for the table `purchasedetail` */

insert  into `purchasedetail`(`PurchaseNo`,`CatalogID`,`Qty`,`PricePerUnit`,`CreatedDate`,`CreatedBy`,`ID`,`TotalPrice`,`Unit`,`coli`) values ('20211220075554-1',5,'1000.00','50000.00','2021-12-20 20:19:58','admin',2,'50000000.00','Kg','40.00'),('20211221210630-3',6,'1000.00','50000.00','2021-12-21 21:07:25','admin',4,'50000000.00','Kg','50.00'),('20211221210630-3',52,'500.00','12000.00','2021-12-21 21:07:25','admin',5,'6000000.00','Kg','61.00'),('20211221211423-4',6,'3000.00','45000.00','2021-12-21 21:15:32','admin',6,'135000000.00','Kg','30.00'),('20211221211423-4',53,'1500.00','20000.00','2021-12-21 21:15:32','admin',7,'30000000.00','Kg','20.00'),('20211221211627-5',53,'200.00','13000.00','2021-12-21 21:16:51','admin',8,'2600000.00','Kg','4.00'),('20211221064811-2',53,'5000.00','15000.00','2021-12-22 20:42:10','admin',11,'75000000.00','Kg','50.00'),('20211221064811-2',52,'500.00','25000.00','2021-12-22 20:42:10','admin',12,'12500000.00','Kg','12.00');

/*Table structure for table `reconcile` */

DROP TABLE IF EXISTS `reconcile`;

CREATE TABLE `reconcile` (
  `ID` bigint(20) NOT NULL AUTO_INCREMENT,
  `ProccessDate` datetime DEFAULT NULL,
  `Description` varchar(5000) DEFAULT NULL,
  `purchaseno` varchar(100) DEFAULT NULL,
  `transactionid` varchar(100) DEFAULT NULL,
  PRIMARY KEY (`ID`)
) ENGINE=InnoDB DEFAULT CHARSET=latin1;

/*Data for the table `reconcile` */

/*Table structure for table `reconciledetail` */

DROP TABLE IF EXISTS `reconciledetail`;

CREATE TABLE `reconciledetail` (
  `ID` bigint(20) NOT NULL AUTO_INCREMENT,
  `CatalogID` int(11) DEFAULT NULL,
  `CatalogQty` decimal(18,2) DEFAULT NULL,
  `CatalogPrice` decimal(18,2) DEFAULT NULL,
  `ProductID` int(11) DEFAULT NULL,
  `ProductPrice` decimal(18,2) DEFAULT NULL,
  `ProductQty` decimal(18,2) DEFAULT NULL,
  `CreatedBy` varchar(100) DEFAULT NULL,
  `CreatedDate` datetime DEFAULT NULL,
  `ModifiedBy` varchar(100) DEFAULT NULL,
  `ModifiedDate` datetime DEFAULT NULL,
  `ReconcileID` bigint(20) DEFAULT NULL,
  `CatalogPriceDate` datetime DEFAULT NULL,
  PRIMARY KEY (`ID`)
) ENGINE=InnoDB DEFAULT CHARSET=latin1;

/*Data for the table `reconciledetail` */

/*Table structure for table `role` */

DROP TABLE IF EXISTS `role`;

CREATE TABLE `role` (
  `ID` int(11) NOT NULL AUTO_INCREMENT,
  `Name` varchar(100) DEFAULT NULL,
  `Description` varchar(1000) DEFAULT NULL,
  `CreatedDate` datetime DEFAULT NULL,
  `CreatedBy` varchar(20) DEFAULT NULL,
  `ModifiedDate` datetime DEFAULT NULL,
  `ModifiedBy` varchar(20) DEFAULT NULL,
  PRIMARY KEY (`ID`)
) ENGINE=InnoDB AUTO_INCREMENT=5 DEFAULT CHARSET=latin1;

/*Data for the table `role` */

insert  into `role`(`ID`,`Name`,`Description`,`CreatedDate`,`CreatedBy`,`ModifiedDate`,`ModifiedBy`) values (1,'Super Admin','Super Admin',NULL,NULL,'2018-10-14 02:25:53','fathur'),(2,'Admin','Admin',NULL,NULL,'2018-10-14 02:25:39','fathur'),(3,'Operator','Operator','2018-10-14 02:25:22','fathur',NULL,NULL),(4,'keuangan','keuangan','2019-01-20 13:38:45','yani',NULL,NULL);

/*Table structure for table `s_return` */

DROP TABLE IF EXISTS `s_return`;

CREATE TABLE `s_return` (
  `id` int(11) NOT NULL AUTO_INCREMENT,
  `TransactionID` varchar(100) DEFAULT NULL,
  `Notes` varchar(4000) DEFAULT NULL,
  `Created` datetime DEFAULT NULL,
  `CreatedBy` varchar(100) DEFAULT NULL,
  `ReturnDate` datetime DEFAULT NULL,
  `TotalQty` decimal(18,2) DEFAULT NULL,
  `TotalPrice` decimal(18,2) DEFAULT NULL,
  `ReturnNo` varchar(100) DEFAULT NULL,
  `Terminal` varchar(100) DEFAULT NULL,
  `Counter` int(11) DEFAULT NULL,
  PRIMARY KEY (`id`)
) ENGINE=InnoDB AUTO_INCREMENT=6 DEFAULT CHARSET=latin1;

/*Data for the table `s_return` */

/*Table structure for table `s_return_detail` */

DROP TABLE IF EXISTS `s_return_detail`;

CREATE TABLE `s_return_detail` (
  `ID` int(11) NOT NULL AUTO_INCREMENT,
  `ReturnNo` varchar(100) DEFAULT NULL,
  `Catalog` varchar(20) DEFAULT NULL,
  `Price` decimal(18,2) DEFAULT NULL,
  `Discount` decimal(18,2) DEFAULT NULL,
  `Qty` decimal(18,2) DEFAULT NULL,
  `TotalPrice` decimal(18,2) DEFAULT NULL,
  `Sequence` int(11) DEFAULT NULL,
  `Created` datetime DEFAULT NULL,
  `CreatedBy` varchar(50) DEFAULT NULL,
  `Colly` decimal(18,2) DEFAULT NULL,
  PRIMARY KEY (`ID`)
) ENGINE=InnoDB AUTO_INCREMENT=6 DEFAULT CHARSET=latin1;

/*Data for the table `s_return_detail` */

/*Table structure for table `sale` */

DROP TABLE IF EXISTS `sale`;

CREATE TABLE `sale` (
  `TransactionID` varchar(50) NOT NULL,
  `TotalPrice` decimal(18,2) DEFAULT NULL,
  `TotalQty` varchar(1000) DEFAULT NULL,
  `TransactionDate` datetime DEFAULT NULL,
  `Username` varchar(50) DEFAULT NULL,
  `MemberID` int(11) DEFAULT NULL,
  `Terminal` varchar(50) DEFAULT NULL,
  `TotalPayment` decimal(18,2) DEFAULT NULL,
  `TotalPaymentReturn` decimal(18,2) DEFAULT NULL,
  `Notes` text,
  `PaymentType` int(11) DEFAULT NULL,
  `UpdatedDate` datetime DEFAULT NULL,
  `UpdatedBy` varchar(50) DEFAULT NULL,
  `ExpiredDate` datetime DEFAULT NULL,
  `Counter` int(11) DEFAULT NULL,
  `Created` datetime DEFAULT NULL,
  `CreatedBy` varchar(50) DEFAULT NULL,
  PRIMARY KEY (`TransactionID`)
) ENGINE=InnoDB DEFAULT CHARSET=latin1;

/*Data for the table `sale` */

insert  into `sale`(`TransactionID`,`TotalPrice`,`TotalQty`,`TransactionDate`,`Username`,`MemberID`,`Terminal`,`TotalPayment`,`TotalPaymentReturn`,`Notes`,`PaymentType`,`UpdatedDate`,`UpdatedBy`,`ExpiredDate`,`Counter`,`Created`,`CreatedBy`) values ('20122021001','42000000.00','600,00(Kg)','2021-12-20 08:15:01','admin',2,'DESKTOP-5BJROPJ','30000000.00','-12000000.00','',2,'2021-12-20 08:32:46','admin','2021-12-31 07:03:15',1,NULL,NULL),('21122021001','8500000.00','500,00(Kg)','2021-12-21 06:48:59','admin',14,'DESKTOP-5BJROPJ','8500000.00','0.00','',2,NULL,NULL,NULL,2,NULL,NULL);

/*Table structure for table `saledetail` */

DROP TABLE IF EXISTS `saledetail`;

CREATE TABLE `saledetail` (
  `ID` int(11) NOT NULL AUTO_INCREMENT,
  `TransactionID` varchar(50) DEFAULT NULL,
  `CatalogID` int(11) DEFAULT NULL,
  `Price` decimal(18,2) DEFAULT NULL,
  `Discount` decimal(18,2) DEFAULT NULL,
  `Quantity` decimal(18,2) DEFAULT NULL,
  `TotalPrice` decimal(18,2) DEFAULT NULL,
  `Sequence` int(11) DEFAULT NULL,
  `coli` decimal(18,2) DEFAULT NULL,
  PRIMARY KEY (`ID`)
) ENGINE=InnoDB AUTO_INCREMENT=10 DEFAULT CHARSET=latin1;

/*Data for the table `saledetail` */

insert  into `saledetail`(`ID`,`TransactionID`,`CatalogID`,`Price`,`Discount`,`Quantity`,`TotalPrice`,`Sequence`,`coli`) values (8,'20122021001',5,'70000.00','0.00','600.00','42000000.00',1,'34.00'),(9,'21122021001',53,'17000.00','0.00','500.00','8500000.00',1,'0.00');

/*Table structure for table `settings` */

DROP TABLE IF EXISTS `settings`;

CREATE TABLE `settings` (
  `id` int(11) NOT NULL AUTO_INCREMENT,
  `ukuran_struk` int(11) DEFAULT '1',
  `terminal_id` int(100) DEFAULT NULL,
  PRIMARY KEY (`id`)
) ENGINE=InnoDB DEFAULT CHARSET=latin1;

/*Data for the table `settings` */

/*Table structure for table `supplier` */

DROP TABLE IF EXISTS `supplier`;

CREATE TABLE `supplier` (
  `Code` varchar(50) NOT NULL,
  `Name` varchar(500) DEFAULT NULL,
  `Address` varchar(4000) DEFAULT NULL,
  `Phone` varchar(500) DEFAULT NULL,
  `CellPhone` varchar(500) DEFAULT NULL,
  `CreatedDate` datetime DEFAULT NULL,
  `CreatedBy` varchar(50) DEFAULT NULL,
  `ModifiedDate` datetime DEFAULT NULL,
  `ModifiedBy` varchar(50) DEFAULT NULL,
  PRIMARY KEY (`Code`)
) ENGINE=InnoDB DEFAULT CHARSET=latin1;

/*Data for the table `supplier` */

insert  into `supplier`(`Code`,`Name`,`Address`,`Phone`,`CellPhone`,`CreatedDate`,`CreatedBy`,`ModifiedDate`,`ModifiedBy`) values ('AGRIN20181227185014','AGRINDO BOGA CITA ( ABC )','Jl ANYAR NO 85 MAJASETRA MAJALAYA KAB.BANDUNG JAWA BARAT','0817301771','','2018-12-27 18:50:14','erna',NULL,NULL),('ALBAR20181225172737','AL BAROKAH FOOD','SEMARANG\r\n','(024)70275915 / (024','','2018-12-25 17:27:37','erna',NULL,NULL),('ANUGE20181227184148','ANUGERAH PRATAMA SEJAHTERA','JAWA','','','2018-12-27 18:41:48','erna',NULL,NULL),('APJ20181225160248','APJ MEAT SHOP','BCC BLOK O/10A No. 21-22','0251 7543095','','2018-12-25 16:02:47','erna','2018-12-25 17:35:36','erna'),('BANGI20200609164844','BANG ITUN','TANGERANG','','','2020-06-09 16:48:44','yani',NULL,NULL),('BARAB20200808172351','BARABG PLUS',NULL,NULL,NULL,'2020-08-08 17:23:51','yani',NULL,NULL),('BARAN20200808172239','BARANG PLUS',NULL,NULL,NULL,'2020-08-08 17:22:39','yani',NULL,NULL),('BARAN20200808172445','BARANG PLUS',NULL,NULL,NULL,'2020-08-08 17:24:45','yani',NULL,NULL),('BARAN20200808172543','BARANG PLUS',NULL,NULL,NULL,'2020-08-08 17:25:43','yani',NULL,NULL),('BARAN20200808172634','BARANG PLUS',NULL,NULL,NULL,'2020-08-08 17:26:34','yani',NULL,NULL),('BLUEM20181227184359','BLUEMOON FOOD / BU BUNGA','Jl CEMPAKA NO 277 PS KRANGGAN CIBUBUR JATISAMPURNA','021-28676292','','2018-12-27 18:43:59','erna',NULL,NULL),('CITRA20190206160507','CITRA BROILER','JAWA\r\n','','','2019-02-06 16:05:07','yani','2020-05-05 15:16:58','yani'),('CJDWS20181225160650','CJDW SEMARANG','SEMARANG','','','2018-12-25 16:06:50','erna',NULL,NULL),('CVELZ20181225174209','CV ELZA MANDIRI','BEKASI','082110199603 / 08787','','2018-12-25 17:42:09','erna',NULL,NULL),('CVJAT20181225172957','CV JATI LESTARI','PARUNG','081288635106 / 08788','','2018-12-25 17:29:57','erna',NULL,NULL),('CVPAN20181225160540','CV PANDU BAKTI PERSADA','TEMANGGUNG\r\nPingit, Pringsurat','(0298) 599583','081575315143','2018-12-25 16:05:40','erna',NULL,NULL),('CVPAN20200530183629','CV PANGAN BOGA KREASINDO','BOGOR','','','2020-05-30 18:36:29','yani',NULL,NULL),('CVPUT20200606184959','CV PUTRA PERDANA','MARGONDA','','','2020-06-06 18:49:59','yani',NULL,NULL),('CVSOR20200605202456','CV SORAYA TOP FROZEN FOOD','CIMANGGIS DEPOK','','','2020-06-05 20:24:56','yani',NULL,NULL),('CVSUK20200613172054','CV SUKSES MAKMUR','TAMAN WANASARI INDAH','','','2020-06-13 17:20:54','yani',NULL,NULL),('DIKAS20190130190326','DIKA SEMARANG','SEMARANG','','','2019-01-30 19:03:26','yani',NULL,NULL),('FAUZI20181225174259','FAUZI AYAM BEKASI / USAHA JAYA','BEKASI','081280239624','','2018-12-25 17:42:59','erna','2018-12-27 19:10:44','erna'),('FYPAR20181225161458','FY PARITAMA KARKASINDO','JAWA','','','2018-12-25 16:14:57','erna','2018-12-27 18:40:05','erna'),('GLOBA20190124190341','GLOBAL SEJAHTERA FOOD','SENTRA NIAGA 5 BLOK 2 NO 1 HARAPAN INDAH','','','2019-01-24 19:03:41','yani',NULL,NULL),('GUNUN20181227185209','GUNUNG SINDUR','GUNUNG SINDUR','','','2018-12-27 18:52:09','erna',NULL,NULL),('IBUID20200711214325','IBU IDA','BOGOR','','','2020-07-11 21:43:25','yani',NULL,NULL),('LESTA20200511175221','LESTARI RAMAH ABADI','JAKARTA','','','2020-05-11 17:52:21','yani',NULL,NULL),('LOTTE20181227185121','LOTTE GROSIR ','ALAM SUTRA BSD','','','2018-12-27 18:51:21','erna',NULL,NULL),('MURNI20181225173930','MURNI','PASAR JONGKE LOS 2, PAJANG, SOLO','085647177177 / 08172','','2018-12-25 17:39:30','erna',NULL,NULL),('PAKAN20200531190710','PAK ANAM',NULL,NULL,NULL,'2020-05-31 19:07:10','yani',NULL,NULL),('PAKHE20200608193317','PAK HETMI','CIKUPA','','','2020-06-08 19:33:17','yani',NULL,NULL),('PAKMI20200703195950','PAK MICHAEL','GUNUNG SINDUR\r\n','','','2020-07-03 19:59:50','yani',NULL,NULL),('PAKRO20200622211538','PAK ROHIM','CILEDUG\r\n','','','2020-06-22 21:15:38','yani',NULL,NULL),('PAKSU20200703195418','PAK SUTOPO','BEKASI','','','2020-07-03 19:54:18','yani',NULL,NULL),('PTATM20181225161212','PT ATMA MULYA JAYA','BEKASI\r\nKomp.pondok melati indah Jl. kerinci raya D15 No.6 Jati warna pondok melati ','(021) 84995170','081383080922','2018-12-25 16:12:11','erna',NULL,NULL),('PTBER20200717212726','PT BERDIKARI','SOLO','','','2020-07-17 21:27:26','yani',NULL,NULL),('PTCIO20181225174510','PT CIOMAS ADISATWA','KP. KAUM RT 04/02 DS. CILANDAK KEC. CIBATU\r\n KAB. PURWAKARTA JAWA BARAT','','','2018-12-25 17:45:10','erna',NULL,NULL),('PTINT20181227191157','PT INTI LUMBUNG INDONESIA','Jl TEKNO BOULEVARD BBK DPSB CIKARANG','','','2018-12-27 19:11:57','erna',NULL,NULL),('PTKIB20200617140635','PT KIBIF','BEKASI','','','2020-06-17 14:06:35','yani',NULL,NULL),('PTMAT20181227185419','PT MATAHARI ABADI PANGANINDO','Jl RAYA PENGGILINGAN NO 77 CAKUNG','021-4608777 / 021-46','','2018-12-27 18:54:19','erna',NULL,NULL),('PTNEW20200805172419','PT NEW ','BINTARO','','','2020-08-05 17:24:19','yani',NULL,NULL),('PTSAH20181225173807','PT SAHABAT PANGAN SEJAHTERA','Jl RAYA DAMPYAK KM,4,5 DESA PADAHARJA - KRAMAT - TEGAL','0818287110 / 0811288','','2018-12-25 17:38:07','erna',NULL,NULL),('PTSAM20200603123200','PT SAMLAY MANDIRI','SAWANGAN','','','2020-06-03 12:32:00','yani',NULL,NULL),('PTSIE20200713124915','PT SIERAD','PARUNG, BOGOR','','','2020-07-13 12:49:15','yani',NULL,NULL),('PTSOG20200606185032','PT SO GOOD','DAAN MOGOT CENGKARENG','','','2020-06-06 18:50:32','yani',NULL,NULL),('PTSUR20200623192439','PT SURI NUSANTARA','CIKARANG','','','2020-06-23 19:24:39','yani',NULL,NULL),('PTWON20181225160859','PT WONOKOYO JAYA CROP','SURABAYA\r\nJl.taman bungkul 1-7','(031) 295 6000','','2018-12-25 16:08:59','erna',NULL,NULL),('RAJAS20181225173109','RAJASA','Jl. SOEKARNO HATTA NO. 447 BANDUNG','085221577733','','2018-12-25 17:31:09','erna',NULL,NULL),('SINGG20190130191810','SINGGIH BEKASI','BEKSI','','','2019-01-30 19:18:10','yani',NULL,NULL),('STOCK20200805191832','STOCK AWAL',NULL,NULL,NULL,'2020-08-05 19:18:32','yani',NULL,NULL),('STOCK20200805191925','STOCK AWAL KARKAS',NULL,NULL,NULL,'2020-08-05 19:19:25','yani',NULL,NULL),('STOCK20200805192112','STOCK AWAL BD',NULL,NULL,NULL,'2020-08-05 19:21:12','yani',NULL,NULL),('STOCK20200805192238','STOCK AWAL BP',NULL,NULL,NULL,'2020-08-05 19:22:38','yani',NULL,NULL),('STOCK20200805192408','STOCK AWAL KULIT',NULL,NULL,NULL,'2020-08-05 19:24:08','yani',NULL,NULL),('STOCK20200805192504','STOCK AWAL SAYAP',NULL,NULL,NULL,'2020-08-05 19:25:04','yani',NULL,NULL),('STOCK20200805192620','STOCK AWAL TRIMING BD',NULL,NULL,NULL,'2020-08-05 19:26:20','yani',NULL,NULL),('STOCK20200805192743','STOCK AWAL MDM',NULL,NULL,NULL,'2020-08-05 19:27:43','yani',NULL,NULL),('STOCK20200805192855','STOCK AWAL FILLET',NULL,NULL,NULL,'2020-08-05 19:28:55','yani',NULL,NULL),('STOCK20200805192946','STOCK AWAL HATI',NULL,NULL,NULL,'2020-08-05 19:29:46','yani',NULL,NULL),('SUJUD20181225173348','SUJUD BROILER','Jl JENDERAL SUDIRMAN (PERTIGAAN Jl wARINGIN - ANDIR)','08122111619','','2018-12-25 17:33:48','erna',NULL,NULL),('SUKAH20181225173506','SUKAHATI','Jl SAMBONGJAYA MANGKUBUMI','','','2018-12-25 17:35:06','erna',NULL,NULL),('SUMBE20200519195429','SUPER UNGGAS JAYA','KUNINGAN, BEKASI','','','2020-05-19 19:54:29','yani','2020-05-28 14:12:38','yani'),('SURYA20181225172826','SURYA SEJAHTERA FOOD','WELERI','','','2018-12-25 17:28:26','erna',NULL,NULL),('UDMRY20200727225353','UD M RYAN','SIDOARJO','','','2020-07-27 22:53:53','yani',NULL,NULL),('UDQIS20200512225149','UD QISTHI','BEKASI','','','2020-05-12 22:51:49','yani','2020-05-30 19:40:17','yani'),('UDWAH20181225174059','UD WAHYU MULIA','Jl P WIROSOBO NO 2 YOGYAKARTA','0811283224 / (0274) ','','2018-12-25 17:40:59','erna',NULL,NULL),('WILLY20200718171047','WILLY BERKAH FOOD / BU YULI','BEKASI','','','2020-07-18 17:10:47','yani',NULL,NULL);

/*Table structure for table `terminal` */

DROP TABLE IF EXISTS `terminal`;

CREATE TABLE `terminal` (
  `id` int(11) NOT NULL AUTO_INCREMENT,
  `machine_name` varchar(100) DEFAULT NULL,
  `ip_address` varchar(100) DEFAULT NULL,
  `disk_id` varchar(1000) DEFAULT NULL,
  `base_id` varchar(1000) DEFAULT NULL,
  PRIMARY KEY (`id`)
) ENGINE=InnoDB DEFAULT CHARSET=latin1;

/*Data for the table `terminal` */

/*Table structure for table `user` */

DROP TABLE IF EXISTS `user`;

CREATE TABLE `user` (
  `Username` varchar(50) NOT NULL,
  `Password` varchar(1000) DEFAULT NULL,
  `LastLogin` datetime DEFAULT NULL,
  `IsLogin` bit(1) DEFAULT NULL,
  `IPAddress` varchar(15) DEFAULT NULL,
  `MachineName` varchar(100) DEFAULT NULL,
  `IsActive` bit(1) DEFAULT NULL,
  PRIMARY KEY (`Username`)
) ENGINE=InnoDB DEFAULT CHARSET=latin1;

/*Data for the table `user` */

insert  into `user`(`Username`,`Password`,`LastLogin`,`IsLogin`,`IPAddress`,`MachineName`,`IsActive`) values ('admin','bN6682ib1fSzSzDEJjvwQgA=','2021-12-22 20:40:55','','192.168.0.12','DESKTOP-5BJROPJ',NULL),('admin gudang','rdTmtxY2H3gUcHJKQ4m8IwA=','2019-01-08 12:24:35','','192.168.1.6','DESKTOP-T484C5I',''),('erna','6PVuocxerSt5moJbdr35/wA=','2020-08-23 20:15:39','','192.168.0.19','DESKTOP-5BJROPJ',''),('ikoh','U7ppM0IY2/oHFx95XPX51QA=','2019-02-09 11:41:04','','192.168.43.86','DESKTOP-QPR9PKI',''),('yani','We/OXMv/G6kh0/O+p6WjMAA=','2020-08-23 20:38:54','','192.168.0.19','DESKTOP-5BJROPJ','');

/*Table structure for table `userrole` */

DROP TABLE IF EXISTS `userrole`;

CREATE TABLE `userrole` (
  `ID` int(11) NOT NULL AUTO_INCREMENT,
  `Username` varchar(100) DEFAULT NULL,
  `RoleID` int(11) DEFAULT NULL,
  PRIMARY KEY (`ID`)
) ENGINE=InnoDB AUTO_INCREMENT=26 DEFAULT CHARSET=latin1;

/*Data for the table `userrole` */

insert  into `userrole`(`ID`,`Username`,`RoleID`) values (8,'fathur',1),(9,'fathur',2),(10,'lia',1),(11,'lia',2),(12,'Lidya',2),(13,'lidya',2),(14,'root',1),(16,'iko',2),(17,'srisukses',3),(18,'erna',2),(19,'ikoh',2),(20,'admin gudang',3),(24,'yani',1),(25,'admin',1);

/*Table structure for table `variable` */

DROP TABLE IF EXISTS `variable`;

CREATE TABLE `variable` (
  `code` varchar(100) DEFAULT NULL,
  `display` varchar(100) DEFAULT NULL,
  `category` varchar(100) DEFAULT NULL,
  `sequence` int(11) DEFAULT NULL
) ENGINE=InnoDB DEFAULT CHARSET=latin1;

/*Data for the table `variable` */

insert  into `variable`(`code`,`display`,`category`,`sequence`) values ('1','Cash','PeymentType',1),('2','Bank Transfer','PeymentType',2),('3','Credit','PeymentType',3),('','','PeymentType',0);

/*Table structure for table `vehicle` */

DROP TABLE IF EXISTS `vehicle`;

CREATE TABLE `vehicle` (
  `id` int(11) NOT NULL AUTO_INCREMENT,
  `Platnomor` varchar(100) DEFAULT NULL,
  `Jenis` varchar(500) DEFAULT NULL,
  `PlatDisplay` varchar(100) DEFAULT NULL,
  `Kapasitas` varchar(100) DEFAULT NULL,
  `Unit` varchar(20) DEFAULT NULL,
  `edited` datetime DEFAULT NULL,
  `editedBy` varchar(100) DEFAULT NULL,
  `created` datetime DEFAULT NULL,
  `createdBy` varchar(100) DEFAULT NULL,
  PRIMARY KEY (`id`)
) ENGINE=InnoDB DEFAULT CHARSET=latin1;

/*Data for the table `vehicle` */

/*Table structure for table `salepermonth` */

DROP TABLE IF EXISTS `salepermonth`;

/*!50001 DROP VIEW IF EXISTS `salepermonth` */;
/*!50001 DROP TABLE IF EXISTS `salepermonth` */;

/*!50001 CREATE TABLE  `salepermonth`(
 `TOTAL_SALE` decimal(40,2) ,
 `BULAN` varchar(69) ,
 `CATALOG` varchar(100) ,
 `CATALOG_ID` int(11) 
)*/;

/*View structure for view salepermonth */

/*!50001 DROP TABLE IF EXISTS `salepermonth` */;
/*!50001 DROP VIEW IF EXISTS `salepermonth` */;

/*!50001 CREATE ALGORITHM=UNDEFINED DEFINER=`root`@`localhost` SQL SECURITY DEFINER VIEW `salepermonth` AS (select sum(`sd`.`TotalPrice`) AS `TOTAL_SALE`,date_format(`s`.`TransactionDate`,'%M %Y') AS `BULAN`,`c`.`Name` AS `CATALOG`,`sd`.`CatalogID` AS `CATALOG_ID` from ((`saledetail` `sd` join `sale` `s` on((`s`.`TransactionID` = `sd`.`TransactionID`))) join `catalog` `c` on((`sd`.`CatalogID` = `c`.`ID`))) group by month(`s`.`TransactionDate`),`sd`.`CatalogID`) */;

/*!40101 SET SQL_MODE=@OLD_SQL_MODE */;
/*!40014 SET FOREIGN_KEY_CHECKS=@OLD_FOREIGN_KEY_CHECKS */;
/*!40014 SET UNIQUE_CHECKS=@OLD_UNIQUE_CHECKS */;
/*!40111 SET SQL_NOTES=@OLD_SQL_NOTES */;
